smiles,pACT
C=CC1(C)CC(OC(=O)CN2CCN(CC(=O)Nc3ccc(NC)cc3C)CC2)C2(C)C(C)CCC3(CCC(=O)C32)C(C)C1O,0.25
C=CC1(C)CC(OC(=O)CN2CCN(CC(=O)Nc3ccc(NCC)cc3C)CC2)C2(C)C(C)CCC3(CCC(=O)C32)C(C)C1O,0.25
C=CC1(C)CC(OC(=O)CN2CCN(CC(=O)Nc3ccc(NCCC)cc3C)CC2)C2(C)C(C)CCC3(CCC(=O)C32)C(C)C1O,0.5
C=CC1(C)CC(OC(=O)CN2CCN(CC(=O)Nc3ccc(NC(C)C)cc3C)CC2)C2(C)C(C)CCC3(CCC(=O)C32)C(C)C1O,0.5
C=CCNc1ccc(NC(=O)CN2CCN(CC(=O)OC3CC(C)(C=C)C(O)C(C)C45CCC(=O)C4C3(C)C(C)CC5)CC2)c(C)c1,0.5
C=CC1(C)CC(OC(=O)CN2CCN(CC(=O)Nc3ccc(NCc4ccccc4)cc3C)CC2)C2(C)C(C)CCC3(CCC(=O)C32)C(C)C1O,0.5
C=CC1(C)CC(OC(=O)CN2CCN(CC(=O)n3cc(CN4CCN(c5cccc([N+](=O)[O-])c5)CC4)nn3)CC2)C2(C)C(C)CCC3(CCC(=O)C32)C(C)C1O,1
C=CC1(C)CC(OC(=O)CN2CCN(CC(=O)n3cc(CN4CCN(c5ccccc5Cl)CC4)nn3)CC2)C2(C)C(C)CCC3(CCC(=O)C32)C(C)C1O,1
C=CC1(C)CC(OC(=O)CN2CCN(CC(=O)n3cc(CN4CCCCC4)nn3)CC2)C2(C)C(C)CCC3(CCC(=O)C32)C(C)C1O,0.5
C=CC1(C)CC(OC(=O)CN2CCN(CC(=O)n3cc(-c4cccc(-n5cnc6c(N)cnnc65)c4)nn3)CC2)C2(C)C(C)CCC3(CCC(=O)C32)C(C)C1O,0.06
C=CC1(C)CC(OC(=O)CN2CCN(CC(=O)n3cc(-c4cccc(N)c4)nn3)CC2)C2(C)C(C)CCC3(CCC(=O)C32)C(C)C1O,1
C=CC1(C)CC(OC(=O)CN2CCN(CC(=O)n3cc(-c4ccccc4C#N)nn3)CC2)C2(C)C(C)CCC3(CCC(=O)C32)C(C)C1O,0.5
C=CC1(C)CC(OC(=O)CN2CCN(CC(=O)n3cc(-c4ccc(O)cc4)nn3)CC2)C2(C)C(C)CCC3(CCC(=O)C32)C(C)C1O,0.25
C=CC1(C)CC(OC(=O)CN2CCN(CC(=O)n3cc(-c4cccc(Cc5cccc(CO)c5)c4)nn3)CC2)C2(C)C(C)CCC3(CCC(=O)C32)C(C)C1O,1
C=CC1(C)CC(OC(=O)CN2CCN(CC(=O)n3cc(-c4ccc(CN5C(=O)c6ccccc6C5=O)cc4)nn3)CC2)C2(C)C(C)CCC3(CCC(=O)C32)C(C)C1O,0.25
C=CC1(C)CC(OC(=O)CN2CCN(CC(=O)n3cc(-c4ccc(Cn5cc(C)c(=O)[nH]c5=O)cc4)nn3)CC2)C2(C)C(C)CCC3(CCC(=O)C32)C(C)C1O,0.13
C=CC1(C)CC(OC(=O)CN2CCN(CC(=O)n3cc(-c4ccc(Cn5cnc6c(N)ncnc65)cc4)nn3)CC2)C2(C)C(C)CCC3(CCC(=O)C32)C(C)C1O,0.03
C=CC1(C)CC(OC(=O)CN2CCN(CC(=O)n3cc(-c4ccc(Cn5cnc6c(N(CC)CC)ncnc65)cc4)nn3)CC2)C2(C)C(C)CCC3(CCC(=O)C32)C(C)C1O,0.25
C=CC1(C)CC(OC(=O)CN2CCN(CC(=O)n3cc(-c4cccc(Cn5cnc6c(N(CC)CC)cc(N)nc65)c4)nn3)CC2)C2(C)C(C)CCC3(CCC(=O)C32)C(C)C1O,0.5
C=CC1(C)CC(OC(=O)CN2CCN(CC(=O)n3cc(-c4ccc(Cn5cnc6c(N7CCN(C)CC7)ncnc65)cc4)nn3)CC2)C2(C)C(C)CCC3(CCC(=O)C32)C(C)C1O,0.25
C=CC1(C)CC(OC(=O)CN2CCN(CC(=O)n3cc(-c4ccc(Cn5cnc6c(NCCN)ncnc65)cc4)nn3)CC2)C2(C)C(C)CCC3(CCC(=O)C32)C(C)C1O,0.5
C=CC1(C)CC(OC(=O)CN2CCN(CC(=O)n3cc(-c4ccc(Cn5cnc6c(NC(=N)N)ncnc65)cc4)nn3)CC2)C2(C)C(C)CCC3(CCC(=O)C32)C(C)C1O,0.5
C=CC1(C)CC(OC(=O)CSc2ccccc2N)C2(C)C(C)CCC3(CCC(=O)C32)C(C)C1O,0.0156
C=CC1(C)CC(OC(=O)CSc2ccccc2NC(=O)CN2CC(N(CC)CC)N=N2)C2(C)C(C)CCC3(CCC(=O)C32)C(C)C1O,0.25
C=CC1(C)CC(OC(=O)CSc2ccccc2NC(=O)CN2CC(N3CCC(CCO)CC3)N=N2)C2(C)C(C)CCC3(CCC(=O)C32)C(C)C1O,0.5
C=CC1(C)CC(OC(=O)CSc2ccccc2NC(=O)CN2CC(N3CCCC(CO)C3)N=N2)C2(C)C(C)CCC3(CCC(=O)C32)C(C)C1O,0.5
C=CC1(C)CC(OC(=O)CSc2ccccc2NC(=O)CN2CC(N3CCC(O)CC3)N=N2)C2(C)C(C)CCC3(CCC(=O)C32)C(C)C1O,1
C=CC1(C)CC(OC(=O)CSc2ccccc2NC(=O)CN2CC(N3CCCC3)N=N2)C2(C)C(C)CCC3(CCC(=O)C32)C(C)C1O,0.25
C=CC1(C)CC(OC(=O)CSc2ccccc2NC(=O)CN2CC(N(C)C)N=N2)C2(C)C(C)CCC3(CCC(=O)C32)C(C)C1O,0.25
C=CC1(C)CC(OC(=O)CSc2ccccc2NC(=O)CN2CC(N3CCCCC3)N=N2)C2(C)C(C)CCC3(CCC(=O)C32)C(C)C1O,0.5
C=CC1(C)CC(OC(=O)CSc2ccccc2NC(=O)CN2CC(CN3CCN(C)CC3)N=N2)C2(C)C(C)CCC3(CCC(=O)C32)C(C)C1O,0.25
C=CC1(C)CC(OC(=O)CSc2ccccc2NC(=O)CN2CC(CN3CCN(c4ccccc4)CC3)N=N2)C2(C)C(C)CCC3(CCC(=O)C32)C(C)C1O,0.5
C=CC1(C)CC(OC(=O)CSc2ccccc2NC(=O)CN2CC(CN3CCN(c4ccc(C)cc4)CC3)N=N2)C2(C)C(C)CCC3(CCC(=O)C32)C(C)C1O,0.5
C=CC1(C)CC(OC(=O)CSc2ccccc2NC(=O)CN2CC(CN3CCN(c4ccc(F)cc4)CC3)N=N2)C2(C)C(C)CCC3(CCC(=O)C32)C(C)C1O,0.5
C=CC1(C)CC(OC(=O)CSc2ccccc2NC(=O)CN2CC(CN3CCN(c4cccc(Cl)c4)CC3)N=N2)C2(C)C(C)CCC3(CCC(=O)C32)C(C)C1O,1
C=CC1(C)CC(OC(=O)CSc2ccccc2NC(=O)CN2CC(CN3CCN(c4ccc(OC)cc4)CC3)N=N2)C2(C)C(C)CCC3(CCC(=O)C32)C(C)C1O,0.5
C=CC1(C)CC(OC(=O)CSc2ccccc2NC(=O)CN2CC(CN3CCN(c4cccc(O)c4)CC3)N=N2)C2(C)C(C)CCC3(CCC(=O)C32)C(C)C1O,0.25
C=CC1(C)CC(OC(=O)CSc2ccccc2NC(=O)CN2CC(CN3CCN(c4ccc([N+](=O)[O-])cc4)CC3)N=N2)C2(C)C(C)CCC3(CCC(=O)C32)C(C)C1O,0.125
C=CC1(C)CC(OC(=O)CSC2CCC(C(=O)OCC)CC2NS(=O)(=O)c2ccc(Cl)cc2)C2(C)C(C)CCC3(CCC(=O)C32)C(C)C1O,1
C=CC1(C)CC(OC(=O)CSC2CCC(C(=O)OCC)CC2NS(=O)(=O)c2ccc([N+](=O)[O-])cc2)C2(C)C(C)CCC3(CCC(=O)C32)C(C)C1O,1
C=CC1(C)CC(OC(=O)CSC2CCC(C(=O)OCC)CC2NS(=O)(=O)c2ccc(C#N)cc2)C2(C)C(C)CCC3(CCC(=O)C32)C(C)C1O,1
C=CC1(C)CC(OC(=O)CSC2CCC(C(=O)OCC)CC2NS(=O)(=O)c2ccc(C(C)=O)cc2)C2(C)C(C)CCC3(CCC(=O)C32)C(C)C1O,0.25
C=CC1(C)CC(OC(=O)CSC2CCC(C(=O)OCC)CC2NS(=O)(=O)c2ccc(NC(C)=O)cc2)C2(C)C(C)CCC3(CCC(=O)C32)C(C)C1O,0.5
C=CC1(C)CC(OC(=O)CSc2nc(C)cc(N(C)C)n2)C2(C)C(C)CCC3(CCC(=O)C32)C(C)C1O,0.0635
C=CC1(C)CC(OC(=O)CSc2nc(C)cc(N(CC)CC)n2)C2(C)C(C)CCC3(CCC(=O)C32)C(C)C1O,0.123
C=CC1(C)CC(OC(=O)CSc2nc(C)cc(N3CCCC3)n2)C2(C)C(C)CCC3(CCC(=O)C32)C(C)C1O,0.033
C=CC1(C)CC(OC(=O)CSc2nc(C)cc(N3CCC(O)C3)n2)C2(C)C(C)CCC3(CCC(=O)C32)C(C)C1O,0.0628
C=CC1(C)CC(OC(=O)CSc2nc(C)cc(N3CCNCC3)n2)C2(C)C(C)CCC3(CCC(=O)C32)C(C)C1O,0.0627
C=CC1(C)CC(OC(=O)CSc2nc(C)cc(N3CCN(C)CC3)n2)C2(C)C(C)CCC3(CCC(=O)C32)C(C)C1O,0.25
C=CC1(C)CC(OC(=O)CSc2nc(C)cc(N3CCOCC3)n2)C2(C)C(C)CCC3(CCC(=O)C32)C(C)C1O,0.0628
C=CC1(C)CC(OC(=O)CSc2nc(C)cc(N3CCC(O)CC3)n2)C2(C)C(C)CCC3(CCC(=O)C32)C(C)C1O,0.123
C=CC1(C)CC(OC(=O)CSc2nc(C)cc(N3CCC(CO)CC3)n2)C2(C)C(C)CCC3(CCC(=O)C32)C(C)C1O,0.125
C=CC1(C)CC(OC(=O)CSc2nc(C)cc(N3CCC(CCO)CC3)n2)C2(C)C(C)CCC3(CCC(=O)C32)C(C)C1O,0.061
C=CC1(C)CC(OC(=O)CSc2nc(C)cc(N3CCN(CCO)CC3)n2)C2(C)C(C)CCC3(CCC(=O)C32)C(C)C1O,0.06
C=CC1(C)CC(OC(=O)CSc2nc(C)cc(OC)n2)C2(C)C(C)CCC3(CCC(=O)C32)C(C)C1O,0.124
C=CC1(C)CC(OC(=O)CSc2nc(C)cc(OCC)n2)C2(C)C(C)CCC3(CCC(=O)C32)C(C)C1O,0.064
C=CC1(C)CC(OC(=O)CSc2nc(C)cc(OC(C)C)n2)C2(C)C(C)CCC3(CCC(=O)C32)C(C)C1O,0.25
C=CC1(C)CC(OC(=O)CSc2nc(C)cc(OCCN)n2)C2(C)C(C)CCC3(CCC(=O)C32)C(C)C1O,0.5
C=CC1(C)CC(OC(=O)CSc2ccc(Nc3nc(Cl)nc4c3cnn4-c3cccc(C)c3)cc2)C2(C)C(C)CCC3(CCC(=O)C32)C(C)C1O,0.25
C=CC1(C)CC(OC(=O)CSc2ccc(Nc3nc(Cl)nc4c3cnn4-c3ccc(F)cc3)cc2)C2(C)C(C)CCC3(CCC(=O)C32)C(C)C1O,0.25
C=CC1(C)CC(OC(=O)CSc2ccc(Nc3nc(Cl)nc4c3cnn4-c3ccc(F)c(F)c3)cc2)C2(C)C(C)CCC3(CCC(=O)C32)C(C)C1O,0.25
C=CC1(C)CC(OC(=O)CSc2ccc(Nc3nc(Cl)nc4c3cnn4-c3ccc(OC(F)(F)F)cc3)cc2)C2(C)C(C)CCC3(CCC(=O)C32)C(C)C1O,0.5
C=CC1(C)CC(OC(=O)CSc2ncnc(N)n2)C2(C)C(C)CCC3(CCC(=O)C32)C(C)C1O,0.125
C=CC1(C)CC(OC(=O)CSc2ncnc(NC)n2)C2(C)C(C)CCC3(CCC(=O)C32)C(C)C1O,0.125
C=CC1(C)CC(OC(=O)CSc2ncnc(NCC)n2)C2(C)C(C)CCC3(CCC(=O)C32)C(C)C1O,0.125
C=CC1(C)CC(OC(=O)CSc2ncnc(N(C)C)n2)C2(C)C(C)CCC3(CCC(=O)C32)C(C)C1O,0.0313
C=CC1(C)CC(OC(=O)CSc2ncnc(N(CC)CC)n2)C2(C)C(C)CCC3(CCC(=O)C32)C(C)C1O,0.125
C=CC1(C)CC(OC(=O)CSc2ncnc(N3CCCC3)n2)C2(C)C(C)CCC3(CCC(=O)C32)C(C)C1O,0.125
C=CC1(C)CC(OC(=O)CSc2ncnc(N3CCOCC3)n2)C2(C)C(C)CCC3(CCC(=O)C32)C(C)C1O,0.0625
C=CC1(C)CC(OC(=O)CSc2ncnc(N3CCCCC3)n2)C2(C)C(C)CCC3(CCC(=O)C32)C(C)C1O,0.0625
C=CC1(C)CC(OC(=O)CSc2ncnc(N3CCNCC3)n2)C2(C)C(C)CCC3(CCC(=O)C32)C(C)C1O,1
C=CC1(C)CC(OC(=O)CSc2ncnc(N3CCN(C)CC3)n2)C2(C)C(C)CCC3(CCC(=O)C32)C(C)C1O,0.125
C=CC1(C)CC(OC(=O)CSc2ncnc(OC)n2)C2(C)C(C)CCC3(CCC(=O)C32)C(C)C1O,0.125
C=CC1(C)CC(OC(=O)CSc2ncnc(OCC)n2)C2(C)C(C)CCC3(CCC(=O)C32)C(C)C1O,0.125
C=CC1(C)CC(OC(=O)CSc2ncnc(OCCCC)n2)C2(C)C(C)CCC3(CCC(=O)C32)C(C)C1O,0.125
C=CC1(C)CC(OC(=O)CSc2ncnc(NCCNC)n2)C2(C)C(C)CCC3(CCC(=O)C32)C(C)C1O,0.0625
C=CC1(C)CC(OC(=O)CSc2ncnc(NCCN(C)C)n2)C2(C)C(C)CCC3(CCC(=O)C32)C(C)C1O,0.0313
C=CC1(C)CC(OC(=O)CSc2ncnc(NCCNCC)n2)C2(C)C(C)CCC3(CCC(=O)C32)C(C)C1O,0.0625
C=CC1(C)CC(OC(=O)CSc2ncnc(NCCN3CCCC3)n2)C2(C)C(C)CCC3(CCC(=O)C32)C(C)C1O,0.0625
C=CC1(C)CC(OC(=O)CSc2ncnc(NCCN3CCOCC3)n2)C2(C)C(C)CCC3(CCC(=O)C32)C(C)C1O,0.0625
C=CC1(C)CC(OC(=O)CSc2ccccc2NC(=O)Nc2cccc(F)c2)C2(C)C(C)CCC3(CCC(=O)C32)C(C)C1O,0.125
C=CC1(C)CC(OC(=O)CSc2ccccc2NC(=O)Nc2ccc(Br)cc2)C2(C)C(C)CCC3(CCC(=O)C32)C(C)C1O,0.5
C=CC1(C)CC(OC(=O)CSc2ccccc2NC(=O)Nc2cccc(Cl)c2)C2(C)C(C)CCC3(CCC(=O)C32)C(C)C1O,0.25
C=CC1(C)CC(OC(=O)CSc2ccccc2NC(=O)Nc2cccc(C#N)c2)C2(C)C(C)CCC3(CCC(=O)C32)C(C)C1O,0.125
C=CC1(C)CC(OC(=O)CSc2ccccc2NC(=O)Nc2cccc(C)c2)C2(C)C(C)CCC3(CCC(=O)C32)C(C)C1O,0.25
C=CC1(C)CC(OC(=O)CSc2ccccc2NC(=O)Nc2ccc(F)c(C)c2)C2(C)C(C)CCC3(CCC(=O)C32)C(C)C1O,0.25
C=CC1(C)CC(OC(=O)CSc2ccccc2NC(=O)Nc2cc(Cl)ccc2OC)C2(C)C(C)CCC3(CCC(=O)C32)C(C)C1O,0.25
C=CC1(C)CC(OC(=O)CSc2ccccc2NC(=O)NC2CCCC2)C2(C)C(C)CCC3(CCC(=O)C32)C(C)C1O,0.125
C=CC1(C)CC(OC(=O)CSc2ccccc2NC(=O)NC2CCCCC2)C2(C)C(C)CCC3(CCC(=O)C32)C(C)C1O,0.125
C=CC1(C)CC(OC(=O)CSc2ccccc2NC(=O)NCCCCCC)C2(C)C(C)CCC3(CCC(=O)C32)C(C)C1O,0.5
C=CC1(C)CC(OC(=O)CSc2cccc(NC(=O)Nc3cccc(F)c3)c2)C2(C)C(C)CCC3(CCC(=O)C32)C(C)C1O,0.0625
C=CC1(C)CC(OC(=O)CSc2cccc(NC(=O)Nc3ccc(Br)cc3)c2)C2(C)C(C)CCC3(CCC(=O)C32)C(C)C1O,0.0625
C=CC1(C)CC(OC(=O)CSc2cccc(NC(=O)Nc3ccc(C#N)cc3)c2)C2(C)C(C)CCC3(CCC(=O)C32)C(C)C1O,0.0313
C=CC1(C)CC(OC(=O)CSc2cccc(NC(=O)Nc3cccc(C)c3)c2)C2(C)C(C)CCC3(CCC(=O)C32)C(C)C1O,0.0313
C=CC1(C)CC(OC(=O)CSc2cccc(NC(=O)Nc3cccc(F)c3C)c2)C2(C)C(C)CCC3(CCC(=O)C32)C(C)C1O,0.0625
C=CC1(C)CC(OC(=O)CSc2cccc(NC(=O)Nc3ccc(Cl)cc3OC)c2)C2(C)C(C)CCC3(CCC(=O)C32)C(C)C1O,0.25
C=CC1(C)CC(OC(=O)CSc2cccc(NC(=O)Nc3ccc(Cl)c(C(F)(F)F)c3)c2)C2(C)C(C)CCC3(CCC(=O)C32)C(C)C1O,0.25
C=CC1(C)CC(OC(=O)CSc2cccc(NC(=O)NC3CCCC3)c2)C2(C)C(C)CCC3(CCC(=O)C32)C(C)C1O,0.125
C=CC1(C)CC(OC(=O)CSc2cccc(NC(=O)NC3CCCCC3)c2)C2(C)C(C)CCC3(CCC(=O)C32)C(C)C1O,0.0625
C=CC1(C)CC(OC(=O)CSc2cccc(NC(=O)NCCCCCC)c2)C2(C)C(C)CCC3(CCC(=O)C32)C(C)C1O,0.125
C=CC1(C)CC(OC(=O)CSc2ccc(NC(=O)Nc3ccc(F)cc3)cc2)C2(C)C(C)CCC3(CCC(=O)C32)C(C)C1O,0.0625
C=CC1(C)CC(OC(=O)CSc2ccc(NC(=O)Nc3cccc(C#N)c3)cc2)C2(C)C(C)CCC3(CCC(=O)C32)C(C)C1O,0.0625
C=CC1(C)CC(OC(=O)CSc2ccc(NC(=O)Nc3cccc(C)c3)cc2)C2(C)C(C)CCC3(CCC(=O)C32)C(C)C1O,0.125
C=CC1(C)CC(OC(=O)CSc2ccc(NC(=O)Nc3ccc(F)c(C)c3)cc2)C2(C)C(C)CCC3(CCC(=O)C32)C(C)C1O,0.0625
C=CC1(C)CC(OC(=O)CSc2ccc(NC(=O)Nc3cc(Cl)ccc3OC)cc2)C2(C)C(C)CCC3(CCC(=O)C32)C(C)C1O,0.25
C=CC1(C)CC(OC(=O)CSc2ccc(NC(=O)NC3CCCC3)cc2)C2(C)C(C)CCC3(CCC(=O)C32)C(C)C1O,0.0625
C=CC1(C)CC(OC(=O)CSc2ccc(NC(=O)NC3CCCCC3)cc2)C2(C)C(C)CCC3(CCC(=O)C32)C(C)C1O,0.125
C=CC1(C)CC(OC(=O)CSc2nc3ccccc3o2)C2(C)C(C)CCC3(CCC(=O)C32)C(C)C1O,0.125
C=CC1(C)CC(OC(=O)CSc2nc3cccc(C)c3o2)C2(C)C(C)CCC3(CCC(=O)C32)C(C)C1O,0.25
C=CC1(C)CC(OC(=O)CSc2nc3c(F)cccc3o2)C2(C)C(C)CCC3(CCC(=O)C32)C(C)C1O,0.125
C=CC1(C)CC(OC(=O)CSc2nc3cc(C(=O)OC)ccc3o2)C2(C)C(C)CCC3(CCC(=O)C32)C(C)C1O,0.5
C=CC1(C)CC(OC(=O)CSc2nc3cc(OC)ccc3o2)C2(C)C(C)CCC3(CCC(=O)C32)C(C)C1O,0.25
C=CC1(C)CC(OC(=O)CSc2nc3cc(C(=O)O)ccc3o2)C2(C)C(C)CCC3(CCC(=O)C32)C(C)C1O,0.25
C=CC1(C)CC(OC(=O)CSc2nnc(-c3ccco3)[nH]2)C2(C)C(C)CCC3(CCC(=O)C32)C(C)C1O,0.5
C=CC1(C)CC(OC(=O)CSc2nnc(-c3cccs3)[nH]2)C2(C)C(C)CCC3(CCC(=O)C32)C(C)C1O,0.25
C=CC1(C)CC(OC(=O)CSc2nnc(-c3ccccn3)[nH]2)C2(C)C(C)CCC3(CCC(=O)C32)C(C)C1O,0.25
C=CC1(C)CC(OC(=O)CSc2nnc(-c3cccnc3)[nH]2)C2(C)C(C)CCC3(CCC(=O)C32)C(C)C1O,0.25
C=CC1(C)CC(OC(=O)CSc2nnc(-c3cnccn3)[nH]2)C2(C)C(C)CCC3(CCC(=O)C32)C(C)C1O,0.25
C=CC1(C)CC(OC(=O)CSc2nnc(-c3ccccc3)[nH]2)C2(C)C(C)CCC3(CCC(=O)C32)C(C)C1O,0.125
C=CC1(C)CC(OC(=O)CSc2nnc(-c3cccc(O)c3)[nH]2)C2(C)C(C)CCC3(CCC(=O)C32)C(C)C1O,0.0625
C=CC1(C)CC(OC(=O)CSc2nnc(-c3cc(F)cc(F)c3)[nH]2)C2(C)C(C)CCC3(CCC(=O)C32)C(C)C1O,0.25
C=CC1(C)CC(OC(=O)CSc2nnc(C3CC3)[nH]2)C2(C)C(C)CCC3(CCC(=O)C32)C(C)C1O,0.5
C=CC1(C)CC(OC(=O)CSc2nnc(C=Cc3ccccc3)[nH]2)C2(C)C(C)CCC3(CCC(=O)C32)C(C)C1O,0.5
C=CC1(C)CC(OC(=O)CSc2nnc(CCc3ccccc3)[nH]2)C2(C)C(C)CCC3(CCC(=O)C32)C(C)C1O,0.25
C=CC1(C)CC(OC(=O)CSc2nnc[nH]2)C2(C)C(C)CCC3(CCC(=O)C32)C(C)C1O,0.25
C=CC1(C)CC(OC(=O)CSc2nnc(C)[nH]2)C2(C)C(C)CCC3(CCC(=O)C32)C(C)C1O,0.25
C=CC1(C)CC(OC(=O)CSc2nnc(CC)[nH]2)C2(C)C(C)CCC3(CCC(=O)C32)C(C)C1O,0.5
C=CC1(C)CC(OC(=O)CSc2nc3ccccc3[nH]2)C2(C)C(C)CCC3(CCC(=O)C32)C(C)C1O,0.25
C=CC1(C)CC(OC(=O)CSc2nc3c(C)cccc3[nH]2)C2(C)C(C)CCC3(CCC(=O)C32)C(C)C1O,0.5
C=CC1(C)CC(OC(=O)CSc2nc3c(C)cc(C)cc3[nH]2)C2(C)C(C)CCC3(CCC(=O)C32)C(C)C1O,1
C=CC1(C)CC(OC(=O)CSc2nc3cc(C(C)(C)C)ccc3[nH]2)C2(C)C(C)CCC3(CCC(=O)C32)C(C)C1O,0.5
C=CC1(C)CC(OC(=O)CSc2nc3cc(OCC)ccc3[nH]2)C2(C)C(C)CCC3(CCC(=O)C32)C(C)C1O,0.5
C=CC1(C)CC(OC(=O)CSc2nc3cc(OCC)ccc3[nH]2)C2(C)C(C)CCC3(CCC(=O)C32)C(C)C1O,0.0625
C=CC1(C)CC(OC(=O)CSc2nc3cc([N+](=O)[O-])ccc3[nH]2)C2(C)C(C)CCC3(CCC(=O)C32)C(C)C1O,0.125
C=CC1(C)CC(OC(=O)CSc2nc3cc(C#N)ccc3[nH]2)C2(C)C(C)CCC3(CCC(=O)C32)C(C)C1O,0.25
C=CC1(C)CC(OC(=O)CSc2nc3c(C(=O)OC)cccc3[nH]2)C2(C)C(C)CCC3(CCC(=O)C32)C(C)C1O,0.125
C=CC1(C)CC(OC(=O)CSc2nc3cc4ccccc4cc3[nH]2)C2(C)C(C)CCC3(CCC(=O)C32)C(C)C1O,1
C=CC1(C)CC(OC(=O)CSc2nc3cc(F)c(F)cc3[nH]2)C2(C)C(C)CCC3(CCC(=O)C32)C(C)C1O,0.125
C=CC1(C)CC(OC(=O)CSc2nc3c(F)cc(F)cc3[nH]2)C2(C)C(C)CCC3(CCC(=O)C32)C(C)C1O,0.25
C=CC1(C)CC(OC(=O)CSc2nc3cc(OC(F)F)ccc3[nH]2)C2(C)C(C)CCC3(CCC(=O)C32)C(C)C1O,0.25
C=CC1(C)CC(OC(=O)CSc2nc3cc(Cl)c(Cl)cc3[nH]2)C2(C)C(C)CCC3(CCC(=O)C32)C(C)C1O,0.25
C=CC1(C)CC(OC(=O)CSc2nc3cc(F)c(Cl)cc3[nH]2)C2(C)C(C)CCC3(CCC(=O)C32)C(C)C1O,0.125
C=CC1(C)CC(OC(=O)CSc2nc3cc(C)c(Cl)cc3[nH]2)C2(C)C(C)CCC3(CCC(=O)C32)C(C)C1O,1
C=CC1(C)CC(OC(=O)CN2CCN(C(=O)C(C)NC(=O)OC(C)(C)C)CC2)C2(C)C(C)CCC3(CCC(=O)C32)C(C)C1O,1
C=CC1(C)CC(OC(=O)CN2CCN(C(=O)C(CSC)NC(=O)OC(C)(C)C)CC2)C2(C)C(C)CCC3(CCC(=O)C32)C(C)C1O,0.5
C=CC1(C)CC(OC(=O)CN2CCN(C(=O)C(Cc3ccc(O)cc3)NC(=O)OC(C)(C)C)CC2)C2(C)C(C)CCC3(CCC(=O)C32)C(C)C1O,0.25
C=CC1(C)CC(OC(=O)CN2CCN(C(=O)C(N)Cc3ccc(O)cc3)CC2)C2(C)C(C)CCC3(CCC(=O)C32)C(C)C1O,1
C=CC1(C)CC(OC(=O)CN2CCN(C(=O)C3CCCN3)CC2)C2(C)C(C)CCC3(CCC(=O)C32)C(C)C1O,1
C=CC1(C)CC(OC(=O)CN(C)C)C2(C)C(C)CCC3([CH]C1O)CCC(=O)C32,0.5
C=CC1(C)CC(OC(=O)CN2CCC(O)C2)C2(C)C(C)CCC3(CCC(=O)C32)C(C)C1O,0.25
C=CC1(C)CC(OC(=O)CN2CCCC(CO)C2)C2(C)C(C)CCC3(CCC(=O)C32)C(C)C1O,0.125
C=CC1(C)CC(OC(=O)CN2CCOCC2)C2(C)C(C)CCC3(CCC(=O)C32)C(C)C1O,0.5
C=CC1(C)CC(OC(=O)CN2CCN(C)CC2)C2(C)C(C)CCC3(CCC(=O)C32)C(C)C1O,1
C=CC1(C)CC(OC(=O)C[N+](C)(C)C)C2(C)C(C)CCC3(CCC(=O)C32)C(C)C1O.[I-],0.125
C=CC1(C)CC(OC(=O)C[N+]2(C)CCCC2)C2(C)C(C)CCC3(CCC(=O)C32)C(C)C1O.[I-],0.25
C=CC1(C)CC(OC(=O)C[N+]2(C)CCC(O)C2)C2(C)C(C)CCC3(CCC(=O)C32)C(C)C1O.[I-],0.125
C=CC1(C)CC(OC(=O)C[N+]2(C)CCCC(CO)C2)C2(C)C(C)CCC3(CCC(=O)C32)C(C)C1O.[I-],1
C=CC1(C)CC(OC(=O)C[n+]2ccc(N(C)C)cc2)C2(C)C(C)CCC3(CCC(=O)C32)C(C)C1O.[I-],0.25
C=CC1(C)CC(OC(=O)C[n+]2cccc3c2CCC3)C2(C)C(C)CCC3(CCC(=O)C32)C(C)C1O.[I-],0.5
C=CC1(C)CC(OC(=O)CN2CCN(C(=O)C=Cc3ccccc3F)CC2)C2(C)C(C)CCC3(CCC(=O)C32)C(C)C1O,0.25
C=CC1(C)CC(OC(=O)CN2CCN(C(=O)C=Cc3ccccc3OC)CC2)C2(C)C(C)CCC3([CH]C1O)CCC(=O)C32,0.125
C=CC1(C)CC(OC(=O)CN2CCN(C(=O)C=Cc3ccc([N+](=O)[O-])cc3)CC2)C2(C)C(C)CCC3(CCC(=O)C32)C(C)C1O,0.0625
C=CC1(C)CC(OC(=O)CN2CCN(C(=O)C=Cc3ccc(C(F)(F)F)cc3)CC2)C2(C)C(C)CCC3(CCC(=O)C32)C(C)C1O,0.5
C=CC1(C)CC(OC(=O)CN2CCN(C(=O)C=Cc3ccc(O)cc3)CC2)C2(C)C(C)CCC3(CCC(=O)C32)C(C)C1O,0.0625
C=CC1(C)CC(OC(=O)CSc2nc(NC(=O)CN3CCCC3)c3cc[nH]c3n2)C2(C)C(C)CCC3(CCC(=O)C32)C(C)C1O,0.0625
C=CC1(C)CC(OC(=O)CSc2nc(N)c3cc[nH]c3n2)C2(C)C(C)CCC3(CCC(=O)C32)C(C)C1O,1
C=CC1(C)CC(OC(=O)CSc2nc(NC(=O)CN3CCCCC3)c3cc[nH]c3n2)C2(C)C(C)CCC3(CCC(=O)C32)C(C)C1O,0.0625
C=CC1(C)CC(OC(=O)CSc2nc(NC(=O)CN3CCC(N(C)C)CC3)c3cc[nH]c3n2)C2(C)C(C)CCC3(CCC(=O)C32)C(C)C1O,0.5
C=CC1(C)CC(OC(=O)CSc2nc(NC(=O)CN3CCC(c4ccccc4)CC3)c3cc[nH]c3n2)C2(C)C(C)CCC3(CCC(=O)C32)C(C)C1O,1
C=CC1(C)CC(OC(=O)CSc2nc(NC(=O)CN3CCC(O)CC3)c3cc[nH]c3n2)C2(C)C(C)CCC3(CCC(=O)C32)C(C)C1O,0.25
C=CC1(C)CC(OC(=O)CSc2nc(NC(=O)CN3CCC(CO)CC3)c3cc[nH]c3n2)C2(C)C(C)CCC3(CCC(=O)C32)C(C)C1O,0.25
C=CC1(C)CC(OC(=O)CSc2nc(NC(=O)CN3CCC(N4CCCCC4)CC3)c3cc[nH]c3n2)C2(C)C(C)CCC3(CCC(=O)C32)C(C)C1O,0.5
C=CC1(C)CC(OC(=O)CSc2nc(NC(=O)CN3CCOCC3)c3cc[nH]c3n2)C2(C)C(C)CCC3(CCC(=O)C32)C(C)C1O,0.125
C=CC1(C)CC(OC(=O)CSc2nc(NC(=O)CN3CCN(C)CC3)c3cc[nH]c3n2)C2(C)C(C)CCC3(CCC(=O)C32)C(C)C1O,0.125
C=CC1(C)CC(OC(=O)CSc2nc(NC(=O)CN3CCN(c4ccccc4)CC3)c3cc[nH]c3n2)C2(C)C(C)CCC3(CCC(=O)C32)C(C)C1O,1
C=CC1(C)CC(OC(=O)CSc2nc(NC(=O)CNC3CC3)c3cc[nH]c3n2)C2(C)C(C)CCC3(CCC(=O)C32)C(C)C1O,0.125
C=CC1(C)CC(OC(=O)CSc2nc(NC(=O)CNC3CCCCC3)c3cc[nH]c3n2)C2(C)C(C)CCC3(CCC(=O)C32)C(C)C1O,0.5
C=CC1(C)CC(OC(=O)CSc2nc(NC(=O)CN(CC)CC)c3cc[nH]c3n2)C2(C)C(C)CCC3(CCC(=O)C32)C(C)C1O,0.0625
C=CC1(C)CC(OC(=O)CSCCN)C2(C)C(C)CCC3(CCC(=O)C32)C(C)C1O,0.5
C=CC1(C)CC(OC(=O)CSCCNC(=O)c2ccc(F)cc2)C2(C)C(C)CCC3(CCC(=O)C32)C(C)C1O,0.125
C=CC1(C)CC(OC(=O)CSCCNC(=O)c2ccc(C)cc2)C2(C)C(C)CCC3(CCC(=O)C32)C(C)C1O,0.125
C=CC1(C)CC(OC(=O)CSCCNC(=O)c2ccc(OC)cc2)C2(C)C(C)CCC3(CCC(=O)C32)C(C)C1O,0.0625
C=CC1(C)CC(OC(=O)CSC(C)(C)CNC(=O)C(N)C(C)C)C2(C)C(C)CCC3(CCC(=O)C32)C(C)C1O,0.0625
C=CC1(C)CC(OC(=O)CSCCN(CC)CC)C2(C)C(C)CCC3(CCC(=O)C32)C(C)C1O,0.5
C=CC1(C)CC(OC(=O)CSc2ccccc2NC(=O)c2cccc(F)c2)C2(C)C(C)CCC3(CCC(=O)C32)C(C)C1O,0.125
C=CC1(C)CC(OC(=O)CSc2ccccc2NC(=O)c2ccccc2C)C2(C)C(C)CCC3(CCC(=O)C32)C(C)C1O,0.25
C=CC1(C)CC(OC(=O)CSc2ccccc2NC(=O)c2ccccc2OC)C2(C)C(C)CCC3(CCC(=O)C32)C(C)C1O,1
C=CC1(C)CC(OC(=O)CSc2ccccc2N)C2(C)C(C)CCC3(CCC(=O)C32)C(C)C1O,0.0156
C=CC1(C)CC(OC(=O)CNC(=S)NC2CCCCC2)C2(C)C(C)CCC3(CCC(=O)C32)C(C)C1O,1
C=CC1(C)CC(OC(=O)CNC(=S)Nc2ccccc2)C2(C)C(C)CCC3(CCC(=O)C32)C(C)C1O,1
C=CC1(C)CC(OC(=O)CNC(=S)Nc2ccc(F)cc2)C2(C)C(C)CCC3(CCC(=O)C32)C(C)C1O,1
C=CC1(C)CC(OC(=O)CNC(=S)Nc2ccc(OC)cc2)C2(C)C(C)CCC3(CCC(=O)C32)C(C)C1O,1
C=CC1(C)CC(OC(=O)CNC(=S)Nc2ccc(C(F)(F)F)cc2)C2(C)C(C)CCC3(CCC(=O)C32)C(C)C1O,1
C=CC1(C)CC(OC(=O)CNC(=O)Nc2ccccc2)C2(C)C(C)CCC3(CCC(=O)C32)C(C)C1O,0.5
C=CC1(C)CC(OC(=O)CNC(=O)Nc2ccc(Cl)cc2)C2(C)C(C)CCC3(CCC(=O)C32)C(C)C1O,0.25
C=CC1(C)CC(OC(=O)CNC(=O)Nc2ccc(F)cc2)C2(C)C(C)CCC3(CCC(=O)C32)C(C)C1O,0.5
C=CC1(C)CC(OC(=O)CNC(=O)Nc2cccc(Br)c2)C2(C)C(C)CCC3(CCC(=O)C32)C(C)C1O,0.0625
C=CC1(C)CC(OC(=O)CNC(=O)Nc2ccc(OC)cc2)C2(C)C(C)CCC3(CCC(=O)C32)C(C)C1O,0.0625
C=CC1(C)CC(OC(=O)CNC(=O)Nc2cccc(C)c2)C2(C)C(C)CCC3(CCC(=O)C32)C(C)C1O,0.125
C=CC1(C)CC(OC(=O)CNC(=O)Nc2cc(Cl)cc(Cl)c2)C2(C)C(C)CCC3(CCC(=O)C32)C(C)C1O,0.5
C=CC1(C)CC(OC(=O)CNC(=O)Nc2ccc(F)cc2F)C2(C)C(C)CCC3(CCC(=O)C32)C(C)C1O,0.25
C=CC1(C)CC(OC(=O)CNC(=O)CN2CCN(c3ccccc3[N+](=O)[O-])CC2)C2(C)C(C)CCC3(CCC(=O)C32)C(C)C1O,1
C=CC1(C)CC(OC(=O)CSc2nc3ccccc3c(=O)[nH]2)C2(C)C(C)CCC3(CCC(=O)C32)C(C)C1O,0.25
C=CC1(C)CC(OC(=O)CSc2nc3c(F)cccc3c(=O)[nH]2)C2(C)C(C)CCC3(CCC(=O)C32)C(C)C1O,0.063
C=CC1(C)CC(OC(=O)CSc2nc3c(Cl)cccc3c(=O)[nH]2)C2(C)C(C)CCC3(CCC(=O)C32)C(C)C1O,0.125
C=CC1(C)CC(OC(=O)CSc2nc3ccc(Br)cc3c(=O)[nH]2)C2(C)C(C)CCC3(CCC(=O)C32)C(C)C1O,0.25
C=CC1(C)CC(OC(=O)CSc2nc3c(C)cccc3c(=O)[nH]2)C2(C)C(C)CCC3(CCC(=O)C32)C(C)C1O,0.125
C=CC1(C)CC(OC(=O)CSc2nc3ccc(OC)cc3c(=O)[nH]2)C2(C)C(C)CCC3(CCC(=O)C32)C(C)C1O,0.125
C=CC1(C)CC(OC(=O)CSc2nc3cccc([N+](=O)[O-])c3c(=O)[nH]2)C2(C)C(C)CCC3(CCC(=O)C32)C(C)C1O,0.25
C=CC1(C)CC(OC(=O)CSc2nc3ccccc3c(=O)n2C)C2(C)C(C)CCC3(CCC(=O)C32)C(C)C1O,0.063
C=CC1(C)CC(OC(=O)CSc2nc3ccccc3c(=O)n2CC)C2(C)C(C)CCC3(CCC(=O)C32)C(C)C1O,0.125
C=CC1(C)CC(OC(=O)CSc2nc3[nH]ccc3c(=O)[nH]2)C2(C)C(C)CCC3(CCC(=O)C32)C(C)C1O,0.063
C=CC1(C)CC(OC(=O)CSc2nc3sccc3c(=O)[nH]2)C2(C)C(C)CCC3(CCC(=O)C32)C(C)C1O,0.25
C=CC1(C)CC(OC(=O)CSc2nc3c(c(=O)[nH]2)CCC3)C2(C)C(C)CCC3(CCC(=O)C32)C(C)C1O,0.25
C=CC1(C)CC(OC(=O)CN2CCN(c3nc4ccccc4c(=O)[nH]3)CC2)C2(C)C(C)CCC3(CCC(=O)C32)C(C)C1O,0.125
C=CC1(C)CC(OC(=O)CN2CCN(Cc3nc4ccccc4c(=O)[nH]3)CC2)C2(C)C(C)CCC3(CCC(=O)C32)C(C)C1O,1
C=CC1(C)CC(OC(=O)CSc2ccccc2NC(=O)CN(C)C)C2(C)C(C)CCC3(CCC(=O)C32)C(C)C1O,0.0625
C=CC1(C)CC(OC(=O)CSc2ccccc2NC(=O)CN(C)CCC)C2(C)C(C)CCC3(CCC(=O)C32)C(C)C1O,0.25
C=CCN(C)CC(=O)Nc1ccccc1SCC(=O)OC1CC(C)(C=C)C(O)C(C)C23CCC(=O)C2C1(C)C(C)CC3,0.125
C=CC1(C)CC(OC(=O)CSc2ccccc2NC(=O)CN(C)CCO)C2(C)C(C)CCC3(CCC(=O)C32)C(C)C1O,0.0625
C=CC1(C)CC(OC(=O)CSc2ccccc2NC(=O)CN(C)C(C)C)C2(C)C(C)CCC3(CCC(=O)C32)C(C)C1O,0.125
C=CC1(C)CC(OC(=O)CSc2ccccc2NC(=O)CN2CCC2)C2(C)C(C)CCC3(CCC(=O)C32)C(C)C1O,0.25
C=CC1(C)CC(OC(=O)CSc2ccccc2NC(=O)Cn2cccc2C#N)C2(C)C(C)CCC3(CCC(=O)C32)C(C)C1O,0.125
C=CC1(C)CC(OC(=O)CSc2ccccc2NC(=O)Cn2cccc2C=O)C2(C)C(C)CCC3(CCC(=O)C32)C(C)C1O,0.0625
C=CC1(C)CC(OC(=O)CSc2ccccc2NC(=O)CN2CCC(N3CCCCC3)CC2)C2(C)C(C)CCC3(CCC(=O)C32)C(C)C1O,0.125
C=CC1(C)CC(OC(=O)CSc2ccccc2NC(=O)CN2CCC(CCO)CC2)C2(C)C(C)CCC3(CCC(=O)C32)C(C)C1O,0.0625
C=CC1(C)CC(OC(=O)CSc2ccccc2NC(=O)Cn2ccnc2)C2(C)C(C)CCC3(CCC(=O)C32)C(C)C1O,0.125
C=CC1(C)CC(OC(=O)CSc2ccccc2NC(=O)Cn2cncc2C)C2(C)C(C)CCC3(CCC(=O)C32)C(C)C1O,0.25
C=CC1(C)CC(OC(=O)CSc2ccccc2NC(=O)Cn2ccnc2C=O)C2(C)C(C)CCC3(CCC(=O)C32)C(C)C1O,0.5
C=CC1(C)CC(OC(=O)CSc2ccccc2NC(=O)Cn2cnc(C#N)c2)C2(C)C(C)CCC3(CCC(=O)C32)C(C)C1O,0.25
C=CC1(C)CC(OC(=O)CSc2ccccc2NC(=O)Cn2cnc3ccccc32)C2(C)C(C)CCC3(CCC(=O)C32)C(C)C1O,0.125
C=CC1(C)CC(OC(=O)CSc2ccccc2NC(=O)CN2CCC(C)CC2)C2(C)C(C)CCC3(CCC(=O)C32)C(C)C1O,0.5
C=CC1(C)CC(OC(=O)CSc2ccccc2NC(=O)CN2CCN(c3ncccn3)CC2)C2(C)C(C)CCC3(CCC(=O)C32)C(C)C1O,0.125
C=CC1(C)CC(OC(=O)CSc2nc(N3CCN(CC)CC3)c3ccsc3n2)C2(C)C(C)CCC3(CCC(=O)C32)C(C)C1O,0.0019
C=CC1(C)CC(OC(=O)CSc2nc(N3CCN(C)CC3)c3ccsc3n2)C2(C)C(C)CCC3(CCC(=O)C32)C(C)C1O,0.0019
C=CC1(C)CC(OC(=O)CSc2nc(N3CCNCC3)c3ccsc3n2)C2(C)C(C)CCC3(CCC(=O)C32)C(C)C1O,0.0076
C=CC1(C)CC(OC(=O)CSc2nc(N3CCOCC3)c3ccsc3n2)C2(C)C(C)CCC3(CCC(=O)C32)C(C)C1O,0.1221
C=CC1(C)CC(OC(=O)CSc2nc(N3CCC(N(C)C)CC3)c3ccsc3n2)C2(C)C(C)CCC3(CCC(=O)C32)C(C)C1O,0.2441
C=CC1(C)CC(OC(=O)CSc2nc(NCCO)c3ccsc3n2)C2(C)C(C)CCC3(CCC(=O)C32)C(C)C1O,0.0019
C=CC1(C)CC(OC(=O)CSc2nc(N3CCCN(C)CC3)c3ccsc3n2)C2(C)C(C)CCC3(CCC(=O)C32)C(C)C1O,0.1221
C=CC1(C)CC(OC(=O)CSc2nc(NN=Cc3cccs3)c3ccsc3n2)C2(C)C(C)CCC3(CCC(=O)C32)C(C)C1O,0.9766
C=CC1(C)CC(OC(=O)CSc2nc(NN=Cc3ccccc3OC)c3ccsc3n2)C2(C)C(C)CCC3(CCC(=O)C32)C(C)C1O,0.9766
C=CC1(C)CC(OC(=O)CSc2nc(N3CCN(CC)CC3)c3ccccc3n2)C2(C)C(C)CCC3(CCC(=O)C32)C(C)C1O,0.4883
C=CC1(C)CC(OC(=O)CSc2nc(NCCO)c3ccccc3n2)C2(C)C(C)CCC3(CCC(=O)C32)C(C)C1O,0.0153
C=CC1(C)CC(OC(=O)CSc2nc(N3CCN(CC)CC3)cc(C(F)(F)F)n2)C2(C)C(C)CCC3(CCC(=O)C32)C(C)C1O,0.4883
C=CC1(C)CC(OC(=O)CSc2nc(NCCO)cc(C(F)(F)F)n2)C2(C)C(C)CCC3(CCC(=O)C32)C(C)C1O,0.4883
C=CC1(C)CC(OC(=O)CSc2nccc(NCCO)n2)C2(C)C(C)CCC3(CCC(=O)C32)C(C)C1O,0.1221
C=CC1(C)CC(OC(=O)CSc2nccc(N3CCN(CC)CC3)n2)C2(C)C(C)CCC3(CCC(=O)C32)C(C)C1O,0.1221
C=CC1(C)CC(OC(=O)CSc2ncc(C)c(N3CCN(CC)CC3)n2)C2(C)C(C)CCC3(CCC(=O)C32)C(C)C1O,0.2441
C=CC1(C)CC(OC(=O)CSc2ncc(C)c(NCCO)n2)C2(C)C(C)CCC3(CCC(=O)C32)C(C)C1O,0.2441
C=CC1(C)CC(OC(=O)CSc2nc3c(c(NCCO)n2)C=CC3)C2(C)C(C)CCC3(CCC(=O)C32)C(C)C1O,0.1221
C=CC1(C)CC(OC(=O)CSc2nc3c(c(N4CCN(CC)CC4)n2)C=CC3)C2(C)C(C)CCC3(CCC(=O)C32)C(C)C1O,0.2441
C=CC1(C)CC(OC(=O)CSc2ccc(NC(=O)C=Cc3ccccc3)cc2)C2(C)C(C)CCC3(CCC(=O)C32)C(C)C1O,0.125
C=CC1(C)CC(OC(=O)CSc2ccc(NC(=O)c3cccs3)cc2)C2(C)C(C)CCC3(CCC(=O)C32)C(C)C1O,0.015
C=CC1(C)CC(OC(=O)CSc2ccc(NC(=O)c3ccc(Cl)s3)cc2)C2(C)C(C)CCC3(CCC(=O)C32)C(C)C1O,0.0625
C=CC1(C)CC(OC(=O)CSc2ccc(NC(=O)c3ccco3)cc2)C2(C)C(C)CCC3(CCC(=O)C32)C(C)C1O,0.015
C=CC1(C)CC(OC(=O)CSc2ccc(NC(=O)C3CCC3)cc2)C2(C)C(C)CCC3(CCC(=O)C32)C(C)C1O,0.03
C=CC1(C)CC(OC(=O)CSc2ccc(NC(=O)c3cccc(C(F)(F)F)c3)cc2)C2(C)C(C)CCC3(CCC(=O)C32)C(C)C1O,0.125
C=CC1(C)CC(OC(=O)CSc2ccc(NC(=O)c3ccccc3[N+](=O)[O-])cc2)C2(C)C(C)CCC3(CCC(=O)C32)C(C)C1O,0.015
C=CC1(C)CC(OC(=O)CSc2ccc(NC(=O)c3ccccc3F)cc2)C2(C)C(C)CCC3(CCC(=O)C32)C(C)C1O,0.015
C=CC1(C)CC(OC(=O)CSc2ccc(NC(=O)c3ccccc3Cl)cc2)C2(C)C(C)CCC3(CCC(=O)C32)C(C)C1O,0.0625
C=CC1(C)CC(OC(=O)CSc2ccc(NC(=O)c3ccc(C#N)cc3)cc2)C2(C)C(C)CCC3(CCC(=O)C32)C(C)C1O,0.015
C=CC1(C)CC(OC(=O)CSc2ccc(NC(=O)c3cc(C(F)(F)F)cc(C(F)(F)F)c3)cc2)C2(C)C(C)CCC3(CCC(=O)C32)C(C)C1O,0.03
C=CC1(C)CC(OC(=O)CSc2ccc(NC(=O)c3cc(F)cc(F)c3)cc2)C2(C)C(C)CCC3(CCC(=O)C32)C(C)C1O,0.03
C=CC1(C)CC(OC(=O)CSc2ccc(NC(=O)c3ccc(F)cc3Cl)cc2)C2(C)C(C)CCC3(CCC(=O)C32)C(C)C1O,0.0625
C=CC1(C)CC(OC(=O)CSc2ccc(NC(=O)c3c(F)c(F)c(F)c(F)c3F)cc2)C2(C)C(C)CCC3(CCC(=O)C32)C(C)C1O,0.125
C=CC1(C)CC(OC(=O)CSc2ccc(NC(=O)c3cc(Cl)cc(Cl)c3)cc2)C2(C)C(C)CCC3(CCC(=O)C32)C(C)C1O,0.5
C=CC1(C)CC(OC(=O)CSC2=NC(C)=C(C(=O)OC)C(C)N2)C2(C)C(C)CCC3(CCC(=O)C32)C(C)C1O,0.25
C=CC1(C)CC(OC(=O)CSc2nc(C)c(C(=O)OC)c(C)n2)C2(C)C(C)CCC3(CCC(=O)C32)C(C)C1O,0.0156
C=CC1(C)CC(OC(=O)CSc2nc(C)c(C(=O)OC)c(CC)n2)C2(C)C(C)CCC3(CCC(=O)C32)C(C)C1O,0.0313
C=CC1(C)CC(OC(=O)CSC2=NC(CC)=C(C(=O)OC)C(C)N2)C2(C)C(C)CCC3(CCC(=O)C32)C(C)C1O,0.5
C=CC1(C)CC(OC(=O)CSC2=NC(CCCC)=C(C(=O)OC)C(C)N2)C2(C)C(C)CCC3(CCC(=O)C32)C(C)C1O,1
C=CC1(C)CC(OC(=O)CSC2=NC(CC(C)C)=C(C(=O)OC)C(C)N2)C2(C)C(C)CCC3(CCC(=O)C32)C(C)C1O,1
C=CC1(C)CC(OC(=O)CSc2nc(C)c(C(=O)OC)c(CC(C)C)n2)C2(C)C(C)CCC3(CCC(=O)C32)C(C)C1O,0.25
C=CC1(C)CC(OC(=O)CSc2nc(C)c(C(=O)OC)c(C(CC)CC)n2)C2(C)C(C)CCC3(CCC(=O)C32)C(C)C1O,0.25
C=CC1(C)CC(OC(=O)CSC2=NC(C(CC)CC)=C(C(=O)OC)C(C)N2)C2(C)C(C)CCC3(CCC(=O)C32)C(C)C1O,0.5
C=CC1(C)CC(OC(=O)CSC2=NC(C)=C(C(C)=O)C(C)N2)C2(C)C(C)CCC3(CCC(=O)C32)C(C)C1O,0.125
C=CC1(C)CC(OC(=O)CSc2nc(C)c(C(C)=O)c(C)n2)C2(C)C(C)CCC3(CCC(=O)C32)C(C)C1O,0.0156
C=CC1(C)CC(OC(=O)CSc2nc(C)c(C(=O)OCC)c(C)n2)C2(C)C(C)CCC3(CCC(=O)C32)C(C)C1O,0.0156
C=CC1(C)CC(OC(=O)CSC2=NC(C)=C(C(=O)OCC)C(C)N2)C2(C)C(C)CCC3(CCC(=O)C32)C(C)C1O,0.0625
C=CC1(C)CC(OC(=O)CSC2=NC(C)=C(C(=O)OCCC)C(C)N2)C2(C)C(C)CCC3(CCC(=O)C32)C(C)C1O,0.25
C=CC1(C)CC(OC(=O)CSc2nc(C)c(C(=O)OCCC)c(C)n2)C2(C)C(C)CCC3(CCC(=O)C32)C(C)C1O,0.25
C=CCOC(=O)c1c(C)nc(SCC(=O)OC2CC(C)(C=C)C(O)C(C)C34CCC(=O)C3C2(C)C(C)CC4)nc1C,0.125
C=CCOC(=O)C1=C(C)N=C(SCC(=O)OC2CC(C)(C=C)C(O)C(C)C34CCC(=O)C3C2(C)C(C)CC4)NC1C,0.25
C=CC1(C)CC(OC(=O)CSC2=NC(C)=C(C(=O)OC(C)CC)C(C)N2)C2(C)C(C)CCC3(CCC(=O)C32)C(C)C1O,0.5
C=CC1(C)CC(OC(=O)CSc2nc(C)c(C(=O)OC(C)CC)c(C)n2)C2(C)C(C)CCC3(CCC(=O)C32)C(C)C1O,0.5
C=CC1(C)CC(OC(=O)CSc2nc(C)c(C(=O)OC)c(CCC)n2)C2(C)C(C)CCC3(CCC(=O)C32)C(C)C1O,0.25
C=CC1(C)CC(OC(=O)CSc2nnc(-c3ccc(C)cc3)[nH]2)C2(C)C(C)CCC3(CCC(=O)C32)C(C)C1O,0.125
C=CC1(C)CC(OC(=O)CSc2nnc(-c3ccc(F)cc3)[nH]2)C2(C)C(C)CCC3(CCC(=O)C32)C(C)C1O,0.125
C=CC1(C)CC(OC(=O)CSc2nnc(-c3ccc(Cl)cc3)[nH]2)C2(C)C(C)CCC3(CCC(=O)C32)C(C)C1O,0.0625
C=CC1(C)CC(OC(=O)CSc2nnc(-c3ccccc3OC)[nH]2)C2(C)C(C)CCC3(CCC(=O)C32)C(C)C1O,0.125
C=CC1(C)CC(OC(=O)CSc2nnc(-c3ccccc3[N+](=O)[O-])[nH]2)C2(C)C(C)CCC3(CCC(=O)C32)C(C)C1O,0.125
C=CC1(C)CC(OC(=O)CSc2nnc(-c3ccccc3C(F)(F)F)[nH]2)C2(C)C(C)CCC3(CCC(=O)C32)C(C)C1O,0.5
C=CC1(C)CC(OC(=O)CSCCN(CC)CC)C2(C)C(C)CCC3(CCC(=O)C32)C(C)C1O,0.5
C=CC1(C)CC(OC(=O)CSc2ccccc2NC(=O)Cn2cc(CN3CCN(c4ccc([N+](=O)[O-])cc4)CC3)nn2)C2(C)C(C)CCC3(CCC(=O)C32)C(C)C1O,0.125
C=CC1(C)CC(OC(=O)CN2CCN(C(=O)CN(C)C)CC2)C2(C)C(C)CCC3(CCC(=O)C32)C(C)C1O,0.25
C=CC1(C)CC(OC(=O)CN2CCN(C(=O)CN(CC)CC)CC2)C2(C)C(C)CCC3(CCC(=O)C32)C(C)C1O,0.25
C=CC1(C)CC(OC(=O)CN2CCN(C(=O)CN(CCC)CCC)CC2)C2(C)C(C)CCC3(CCC(=O)C32)C(C)C1O,0.5
C=CC1(C)CC(OC(=O)CN2CCN(C(=O)CNC3CCCCC3)CC2)C2(C)C(C)CCC3(CCC(=O)C32)C(C)C1O,0.125
C=CC1(C)CC(OC(=O)CN2CCN(C(=O)CN3CCCC3)CC2)C2(C)C(C)CCC3(CCC(=O)C32)C(C)C1O,0.25
C=CC1(C)CC(OC(=O)CN2CCN(C(=O)CN3CCCCC3)CC2)C2(C)C(C)CCC3(CCC(=O)C32)C(C)C1O,1
C=CC1(C)CC(OC(=O)CN2CCN(C(=O)CN3CCN(C)CC3)CC2)C2(C)C(C)CCC3(CCC(=O)C32)C(C)C1O,1
C=CC1(C)CC(OC(=O)CN2CCN(C(=O)CNc3ccccc3)CC2)C2(C)C(C)CCC3(CCC(=O)C32)C(C)C1O,0.5
C=CC1(C)CC(OC(=O)CN2CCN(C(=O)CCl)CC2)C2(C)C(C)CCC3(CCC(=O)C32)C(C)C1O,0.5
C=CC1(C)CC(OC(=O)CSc2nc(N)n(C(=O)c3ccccc3)n2)C2(C)C(C)CCC3(CCC(=O)C32)C(C)C1O,1
C=CC1(C)CC(OC(=O)CSc2nc(N)n(C(=O)c3ccc(C)cc3)n2)C2(C)C(C)CCC3(CCC(=O)C32)C(C)C1O,0.125
C=CC1(C)CC(OC(=O)CSc2nc(N)n(C(=O)c3cccc(F)c3)n2)C2(C)C(C)CCC3(CCC(=O)C32)C(C)C1O,0.5
C=CC1(C)CC(OC(=O)CSc2nc(N)n(C(=O)c3ccc(OC)cc3)n2)C2(C)C(C)CCC3(CCC(=O)C32)C(C)C1O,0.25
C=CC1(C)CC(OC(=O)CSc2nc(N)n(C(=O)c3cccc(Cl)c3)n2)C2(C)C(C)CCC3(CCC(=O)C32)C(C)C1O,0.25
C=CC1(C)CC(OC(=O)CSc2nc(N)n(C(=O)c3cccc(C(F)(F)F)c3)n2)C2(C)C(C)CCC3(CCC(=O)C32)C(C)C1O,1
C=CC1(C)CC(OC(=O)CSc2nc(N)n(C(=O)c3cc(Cl)cc(Cl)c3)n2)C2(C)C(C)CCC3(CCC(=O)C32)C(C)C1O,1
C=CC1(C)CC(OC(=O)CSc2nc(N)n(C(=O)c3ccc(F)cc3Cl)n2)C2(C)C(C)CCC3(CCC(=O)C32)C(C)C1O,1
C=CC1(C)CC(OC(=O)CSc2nnc(C)n2C=Cc2ccccc2)C2(C)C(C)CCC3(CCC(=O)C32)C(C)C1O,1
C=CC1(C)CC(OC(=O)CSc2nnc(C)n2C=Cc2ccccc2C)C2(C)C(C)CCC3(CCC(=O)C32)C(C)C1O,1
C=CC1(C)CC(OC(=O)CSc2nnc(C)n2C=Cc2ccccc2F)C2(C)C(C)CCC3(CCC(=O)C32)C(C)C1O,1
C=CC1(C)CC(OC(=O)CSc2nnc(C)n2C=Cc2ccccc2Cl)C2(C)C(C)CCC3(CCC(=O)C32)C(C)C1O,1
C=CC1(C)CC(OC(=O)CSc2nnc(C)n2C=Cc2cccc(O)c2)C2(C)C(C)CCC3(CCC(=O)C32)C(C)C1O,0.5
C=CC1(C)CC(OC(=O)CSc2nnc(C)n2C=Cc2cccc(C#N)c2)C2(C)C(C)CCC3(CCC(=O)C32)C(C)C1O,1
C=CC1(C)CC(OC(=O)CSc2nnc(C)n2C=Cc2ccccc2[N+](=O)[O-])C2(C)C(C)CCC3(CCC(=O)C32)C(C)C1O,1
C=CC1(C)CC(OC(=O)CSc2nnc(C)n2C=Cc2ccc(N(C)C)cc2)C2(C)C(C)CCC3(CCC(=O)C32)C(C)C1O,0.5
C=CC1(C)CC(OC(=O)CSc2nnc(C)n2C=Cc2ccc(N3CCOCC3)cc2)C2(C)C(C)CCC3(CCC(=O)C32)C(C)C1O,1
C=CC1(C)CC(OC(=O)CSc2nnc(C)n2C=Cc2ccc(-c3ccccn3)cc2)C2(C)C(C)CCC3(CCC(=O)C32)C(C)C1O,0.5
C=CC1(C)CC(OC(=O)CNc2cccc(F)c2)C2(C)C(C)CCC3(CCC(=O)C32)C(C)C1O,0.12
C=CC1(C)CC(OC(=O)CNc2cccc(Cl)c2)C2(C)C(C)CCC3(CCC(=O)C32)C(C)C1O,0.12
C=CC1(C)CC(OC(=O)CNc2cccc(Br)c2)C2(C)C(C)CCC3(CCC(=O)C32)C(C)C1O,0.25
C=CC1(C)CC(OC(=O)CN2CCSCC2)C2(C)C(C)CCC3(CCC(=O)C32)C(C)C1O,1
C=CC1(C)CC(OC(=O)CN2CCN(C(=O)CCn3cnc4c(N5CCC(CNC)C5)ncnc43)CC2)C2(C)C(C)CCC3(CCC(=O)C32)C(C)C1O,0.5
C=CC1(C)CC(OC(=O)CN2CCN(C(=O)CN(C)C)CC2)C2(C)C(C)CCC3(CCC(=O)C32)C(C)C1O,0.25
C=CC1(C)CC(OC(=O)CN2CCN(C(=O)CN(CC)CC)CC2)C2(C)C(C)CCC3(CCC(=O)C32)C(C)C1O,0.25
C=CC1(C)CC(OC(=O)CN2CCN(C(=O)CN(CCC)CCC)CC2)C2(C)C(C)CCC3(CCC(=O)C32)C(C)C1O,0.5
C=CC1(C)CC(OC(=O)CN2CCN(C(=O)CNC3CCCCC3)CC2)C2(C)C(C)CCC3(CCC(=O)C32)C(C)C1O,0.125
C=CC1(C)CC(OC(=O)CN2CCN(C(=O)CN3CCCC3)CC2)C2(C)C(C)CCC3(CCC(=O)C32)C(C)C1O,0.25
C=CC1(C)CC(OC(=O)CN2CCN(C(=O)CN3CCCCC3)CC2)C2(C)C(C)CCC3(CCC(=O)C32)C(C)C1O,1
C=CC1(C)CC(OC(=O)CN2CCN(C(=O)CN3CCN(C)CC3)CC2)C2(C)C(C)CCC3(CCC(=O)C32)C(C)C1O,1
C=CC1(C)CC(OC(=O)CN2CCN(C(=O)CNc3ccccc3)CC2)C2(C)C(C)CCC3(CCC(=O)C32)C(C)C1O,0.5
C=CC1(C)CC(OC(=O)CN2CCN(C(=O)CCl)CC2)C2(C)C(C)CCC3(CCC(=O)C32)C(C)C1O,0.5
C=CC1(C)CC(OC(=O)CN2CCN(C(=O)CN3CCN(C)CC3)CC2)C2(C)C(C)CCC3(CCC(=O)C32)C(C)C1O,0.5
C=CC1(C)CC(OC(=O)CN2CCN(C(=O)CN3CCN(c4ccccc4)CC3)CC2)C2(C)C(C)CCC3(CCC(=O)C32)C(C)C1O,0.25
C=CC1(C)CC(OC(=O)CN2CCN(C(=O)CN3CCN(c4ccccc4[N+](=O)[O-])CC3)CC2)C2(C)C(C)CCC3(CCC(=O)C32)C(C)C1O,0.0625
C=CC1(C)CC(OC(=O)CSc2nc3ccc(N)cc3[nH]2)C2(C)C(C)CCC3(CCC(=O)C32)C(C)C1O,0.156
C=CC1(C)CC(OC(=O)CN2CCN(C)CC2)C2(C)C(C)CCC3(CCC(=O)C32)C(C)C1O,1
C=CC1(C)CC(OC(=O)CN2CCN(c3ccccc3)CC2)C2(C)C(C)CCC3(CCC(=O)C32)C(C)C1O,0.25
C=CC1(C)CC(OC(=O)CN2CCN(c3cccc(Cl)c3)CC2)C2(C)C(C)CCC3(CCC(=O)C32)C(C)C1O,0.5
C=CC1(C)CC(OC(=O)CN2CCN(c3cccc(OC)c3)CC2)C2(C)C(C)CCC3(CCC(=O)C32)C(C)C1O,0.125
C=CC1(C)CC(OC(=O)CN2CCN(c3ccc(OC)cc3)CC2)C2(C)C(C)CCC3(CCC(=O)C32)C(C)C1O,0.5
C=CC1(C)CC(OC(=O)CN2CCN(c3cccc(C)c3)CC2)C2(C)C(C)CCC3(CCC(=O)C32)C(C)C1O,0.5
C=CC1(C)CC(OC(=O)CN2CCN(c3cccc(O)c3)CC2)C2(C)C(C)CCC3(CCC(=O)C32)C(C)C1O,0.125
C=CC1(C)CC(OC(=O)CN2CCN(c3ccccc3[N+](=O)[O-])CC2)C2(C)C(C)CCC3(CCC(=O)C32)C(C)C1O,0.0625
C=CC1(C)CC(OC(=O)CN2CCN(C(=O)CN3CCN(c4ccc(Cl)cc4)CC3)CC2)C2(C)C(C)CCC3(CCC(=O)C32)C(C)C1O,0.125
C=CC1(C)CC(OC(=O)CN2CCN(C(=O)CN3CCN(c4cccc(OC)c4)CC3)CC2)C2(C)C(C)CCC3(CCC(=O)C32)C(C)C1O,0.25
C=CC1(C)CC(OC(=O)CN2CCN(C(=O)CN3CCN(c4cccc(O)c4)CC3)CC2)C2(C)C(C)CCC3(CCC(=O)C32)C(C)C1O,0.5
C=CC1(C)CC(OC(=O)CN2CCN(C(=O)CN3CCN(c4ccccc4C)CC3)CC2)C2(C)C(C)CCC3(CCC(=O)C32)C(C)C1O,0.25
C=CC1(C)CC(OC(=O)CN2CCN(C(=O)CN3CCN(c4ccc(C)cc4)CC3)CC2)C2(C)C(C)CCC3(CCC(=O)C32)C(C)C1O,0.25
C=CC1(C)CC(OC(=O)CSc2nc(N)cc(N)n2)C2(C)C(C)CCC3(CCC(=O)C32)C(C)C1O,0.125
C=CC1(C)CC(OC(=O)CSc2nc(N)cc(NC(=O)CN(C)C)n2)C2(C)C(C)CCC3(CCC(=O)C32)C(C)C1O,1
C=CC1(C)CC(OC(=O)CSc2nc(N)cc(NC(=O)CN(CC)CC)n2)C2(C)C(C)CCC3(CCC(=O)C32)C(C)C1O,0.5
C=CC1(C)CC(OC(=O)CSc2nc(N)cc(NC(=O)CN3CCCC3)n2)C2(C)C(C)CCC3(CCC(=O)C32)C(C)C1O,0.5
C=CC1(C)CC(OC(=O)CSc2nc(N)cc(NC(=O)CN3CCCCC3)n2)C2(C)C(C)CCC3(CCC(=O)C32)C(C)C1O,0.25
C=CC1(C)CC(OC(=O)CSc2nc(N)cc(NC(=O)CN3CCOCC3)n2)C2(C)C(C)CCC3(CCC(=O)C32)C(C)C1O,0.25
C=CC1(C)CC(OC(=O)CSc2nc(N)cc(NC(=O)CN3CCC(O)C3)n2)C2(C)C(C)CCC3(CCC(=O)C32)C(C)C1O,0.125
C=CC1(C)CC(OC(=O)CSc2nc(N)cc(NC(=O)CN3CCC(O)CC3)n2)C2(C)C(C)CCC3(CCC(=O)C32)C(C)C1O,0.25
C=CC1(C)CC(OC(=O)CSc2nc(N)cc(NC(=O)CN3CCCC(CO)C3)n2)C2(C)C(C)CCC3(CCC(=O)C32)C(C)C1O,0.125
C=CC1(C)CC(OC(=O)CSc2nc(N)cc(NC(=O)CN3CCC(CCO)CC3)n2)C2(C)C(C)CCC3(CCC(=O)C32)C(C)C1O,1
C=CC1(C)CC(OC(=O)CSc2nccc(N)n2)C2(C)C(C)CCC3(CCC(=O)C32)C(C)C1O,0.0625
C=CC1(C)CC(OC(=O)CSc2nccc(C)n2)C2(C)C(C)CCC3(CCC(=O)C32)C(C)C1O,0.0625
C=CC1(C)CC(OC(=O)CSc2nc3ccccc3s2)C2(C)C(C)CCC3(CCC(=O)C32)C(C)C1O,0.5
C=CC1(C)CC(OC(=O)CSc2nc3ccccc3[nH]2)C2(C)C(C)CCC3(CCC(=O)C32)C(C)C1O,0.125
C=CC1(C)CC(OC(=O)CSc2nc3cc(S(=O)O[Na])ccc3[nH]2)C2(C)C(C)CCC3(CCC(=O)C32)C(C)C1O,0.5
C=CC1(C)CC(OC(=O)CSc2ncnc3[nH]ncc23)C2(C)C(C)CCC3(CCC(=O)C32)C(C)C1O,0.0625
C=CC1(C)CC(OC(=O)CSCc2ccco2)C2(C)C(C)CCC3(CCC(=O)C32)C(C)C1O,0.5
C=CC1(C)CC(OC(=O)CSc2nccn2C)C2(C)C(C)CCC3(CCC(=O)C32)C(C)C1O,1
C=CC1(C)CC(OC(=O)CSCC2CNC(=O)O2)C2(C)C(C)CCC3(CCC(=O)C32)C(C)C1O,0.0625
C=CC1(C)CC(OC(=O)CSc2ccccc2NC(=O)CN2CCN(C)CC2)C2(C)C(C)CCC3(CCC(=O)C32)C(C)C1O,0.5
C=CC1(C)CC(OC(=O)CSc2ccccc2NC(=O)CN2CCN(c3ccccc3)CC2)C2(C)C(C)CCC3(CCC(=O)C32)C(C)C1O,0.25
C=CC1(C)CC(OC(=O)CSc2ccccc2NC(=O)CN2CCN(c3cccc(O)c3)CC2)C2(C)C(C)CCC3(CCC(=O)C32)C(C)C1O,0.25
C=CC1(C)CC(OC(=O)CSc2ccccc2NC(=O)CN2CCN(c3cccc(Cl)c3)CC2)C2(C)C(C)CCC3(CCC(=O)C32)C(C)C1O,1
C=CC1(C)CC(OC(=O)CSc2ccccc2NC(=O)CN2CCCC2)C2(C)C(C)CCC3(CCC(=O)C32)C(C)C1O,0.125
C=CC1(C)CC(OC(=O)CSc2ccccc2NC(=O)CN2CCC(O)C2)C2(C)C(C)CCC3(CCC(=O)C32)C(C)C1O,0.25
C=CC1(C)CC(OC(=O)CSc2ccccc2NC(=O)CN(CC)CC)C2(C)C(C)CCC3(CCC(=O)C32)C(C)C1O,0.125
C=CC1(C)CC(OC(=O)CSc2ccccc2NC(=O)CN2CCOCC2)C2(C)C(C)CCC3(CCC(=O)C32)C(C)C1O,0.06
C=CC1(C)CC(OC(=O)CSc2ccccc2NC(=O)CN2CCC(O)CC2)C2(C)C(C)CCC3(CCC(=O)C32)C(C)C1O,0.125
C=CC1(C)CC(OC(=O)CSc2ccncc2)C2(C)C(C)CCC3(CCC(=O)C32)C(C)C1O,0.06
C=CC1(C)CC(OC(=O)CS(=O)c2ccncc2)C2(C)C(C)CCC3(CCC(=O)C32)C(C)C1O,1
C=CC1(C)CC(OC(=O)CSc2ccccn2)C2(C)C(C)CCC3(CCC(=O)C32)C(C)C1O,0.06
C=CC1(C)CC(OC(=O)CS(=O)c2ccccn2)C2(C)C(C)CCC3(CCC(=O)C32)C(C)C1O,0.25
C=CC1(C)CC(OC(=O)CSc2ncccn2)C2(C)C(C)CCC3(CCC(=O)C32)C(C)C1O,0.06
C=CC1(C)CC(OC(=O)CS(=O)c2ncccn2)C2(C)C(C)CCC3(CCC(=O)C32)C(C)C1O,1
C=CC1(C)CC(OC(=O)CSc2nncs2)C2(C)C(C)CCC3(CCC(=O)C32)C(C)C1O,0.25
C=CC1(C)CC(OC(=O)CS(=O)c2nncs2)C2(C)C(C)CCC3(CCC(=O)C32)C(C)C1O,1
C=CC1(C)CC(OC(=O)CSc2nc[nH]n2)C2(C)C(C)CCC3(CCC(=O)C32)C(C)C1O,1
C=CC1(C)CC(OC(=O)CSc2nc(C)cc(O)n2)C2(C)C(C)CCC3(CCC(=O)C32)C(C)C1O,0.125
C=CC1(C)CC(OC(=O)CSc2nc(N)cc(N)n2)C2(C)C(C)CCC3(CCC(=O)C32)C(C)C1O,0.06
C=CC1(C)CC(OC(=O)CS(=O)c2nc(N)cc(N)n2)C2(C)C(C)CCC3(CCC(=O)C32)C(C)C1O,1
C=CC1(C)CC(OC(=O)CSc2nc(OC)cc(OC)n2)C2(C)C(C)CCC3(CCC(=O)C32)C(C)C1O,0.06
C=CC1(C)CC(OC(=O)CS(=O)c2nc(OC)cc(OC)n2)C2(C)C(C)CCC3(CCC(=O)C32)C(C)C1O,1
C=CC1(C)CC(OC(=O)CSc2nnc(C)s2)C2(C)C(C)CCC3(CCC(=O)C32)C(C)C1O,0.06
C=CC1(C)CC(OC(=O)CS(=O)c2nnc(C)s2)C2(C)C(C)CCC3(CCC(=O)C32)C(C)C1O,1
C=CC1(C)CC(OC(=O)CSc2nnc(S)s2)C2(C)C(C)CCC3(CCC(=O)C32)C(C)C1O,0.5
C=CC1(C)CC(OC(=O)CSc2nnc(N)s2)C2(C)C(C)CCC3(CCC(=O)C32)C(C)C1O,1
C=CC1(C)CC(OC(=O)CS(=O)c2nnc(N)s2)C2(C)C(C)CCC3(CCC(=O)C32)C(C)C1O,1
C=CC1(C)CC(OC(=O)CSc2n[nH]c(N)n2)C2(C)C(C)CCC3(CCC(=O)C32)C(C)C1O,1
C=CC1(C)CC(OC(=O)CSc2nnnn2C)C2(C)C(C)CCC3(CCC(=O)C32)C(C)C1O,1
C=CC1(C)CC(OC(=O)CSc2nc3ccccc3s2)C2(C)C(C)CCC3(CCC(=O)C32)C(C)C1O,0.06
C=CC1(C)CC(OC(=O)CS(=O)c2nc3ccccc3s2)C2(C)C(C)CCC3(CCC(=O)C32)C(C)C1O,0.25
C=CC1(C)CC(OC(=O)CSc2nc3cc(Cl)ccc3s2)C2(C)C(C)CCC3(CCC(=O)C32)C(C)C1O,0.5
C=CC1(C)CC(OC(=O)CS(=O)c2nc3cc(Cl)ccc3s2)C2(C)C(C)CCC3(CCC(=O)C32)C(C)C1O,1
C=CC1(C)CC(OC(=O)CSc2nc3ccccc3o2)C2(C)C(C)CCC3(CCC(=O)C32)C(C)C1O,0.5
C=CC1(C)CC(OC(=O)CS(=O)c2nc3ccccc3o2)C2(C)C(C)CCC3(CCC(=O)C32)C(C)C1O,1
C=CC1(C)CC(OC(=O)CSc2nc3ccccc3[nH]2)C2(C)C(C)CCC3(CCC(=O)C32)C(C)C1O,0.25
C=CC1(C)CC(OC(=O)CS(=O)c2nc3ccccc3[nH]2)C2(C)C(C)CCC3(CCC(=O)C32)C(C)C1O,1
C=CC1(C)CC(OC(=O)CSc2nc3cc(OC)ccc3[nH]2)C2(C)C(C)CCC3(CCC(=O)C32)C(C)C1O,0.125
C=CC1(C)CC(OC(=O)CS(=O)c2nc3cc(OC)ccc3[nH]2)C2(C)C(C)CCC3(CCC(=O)C32)C(C)C1O,1
C=CC1(C)CC(OC(=O)CSc2ccccc2NC(=O)CN(C)CCO)C2(C)C(C)CCC3(CCC(=O)C32)C(C)C1O,0.0625
C=CC1(C)CC(OC(=O)CSc2ccccc2NC(=O)CN2CCC(N3CCCCC3)CC2)C2(C)C(C)CCC3(CCC(=O)C32)C(C)C1O,0.125
C=CC1(C)CC(OC(=O)CSc2ccccc2NC(=O)Cn2ccnc2)C2(C)C(C)CCC3(CCC(=O)C32)C(C)C1O,0.125
C=CC1(C)CC(OC(=O)CSc2ccccc2NC(=O)Cn2cncc2C)C2(C)C(C)CCC3(CCC(=O)C32)C(C)C1O,0.25
C=CC1(C)CC(OC(=O)CSCc2csc(NC(=O)c3ccccc3)n2)C2(C)C(C)CCC3(CCC(=O)C32)C(C)C1O,0.014
C=CC1(C)CC(OC(=O)CSCc2csc(NC(=O)Cc3ccccc3)n2)C2(C)C(C)CCC3(CCC(=O)C32)C(C)C1O,0.056
C=CC1(C)CC(OC(=O)CSCc2csc(NC(=O)c3ccc(OC)cc3)n2)C2(C)C(C)CCC3(CCC(=O)C32)C(C)C1O,0.056
C=CC1(C)CC(OC(=O)CSCc2csc(NC(=O)c3ccccc3[N+](=O)[O-])n2)C2(C)C(C)CCC3(CCC(=O)C32)C(C)C1O,0.056
C=CC1(C)CC(OC(=O)CSCc2csc(NC(=O)c3ccc([N+](=O)[O-])cc3)n2)C2(C)C(C)CCC3(CCC(=O)C32)C(C)C1O,0.056
C=CC1(C)CC(OC(=O)CSCc2csc(NC(=O)c3ccc(Cl)cc3Cl)n2)C2(C)C(C)CCC3(CCC(=O)C32)C(C)C1O,0.11
C=CC1(C)CC(OC(=O)CSCc2csc(NC(=O)c3ccccc3O)n2)C2(C)C(C)CCC3(CCC(=O)C32)C(C)C1O,0.11
C=CC1(C)CC(OC(=O)CSCc2csc(NC(=O)c3cccc(N)c3)n2)C2(C)C(C)CCC3(CCC(=O)C32)C(C)C1O,0.0017
C=CC1(C)CC(OC(=O)CSCc2csc(NC(=O)c3ccc(N)cc3)n2)C2(C)C(C)CCC3(CCC(=O)C32)C(C)C1O,0.00085
C=CC1(C)CC(OC(=O)CSCc2csc(NC(=O)c3ccco3)n2)C2(C)C(C)CCC3(CCC(=O)C32)C(C)C1O,0.028
C=CC1(C)CC(OC(=O)CSCc2csc(NC(=O)c3ccncc3)n2)C2(C)C(C)CCC3(CCC(=O)C32)C(C)C1O,0.00085
C=CC1(C)CC(OC(=O)CSCc2csc(NC(=O)C3CCCN3)n2)C2(C)C(C)CCC3(CCC(=O)C32)C(C)C1O,0.11
C=CC1(C)CC(OC(=O)CSCc2csc(NC(=O)C(N)C(C)C)n2)C2(C)C(C)CCC3(CCC(=O)C32)C(C)C1O,0.44
C=CC1(C)CC(OC(=O)CSCc2csc(NC(=O)C(N)Cc3ccccc3)n2)C2(C)C(C)CCC3(CCC(=O)C32)C(C)C1O,0.22
C=CC1(C)CC(OC(=O)CSCc2csc(N)n2)C2(C)C(C)CCC3(CCC(=O)C32)C(C)C1O,0.028
C=CC1(C)CC(OC(=O)CN2CCN(C(=O)Nc3ccc([N+](=O)[O-])cc3)CC2)C2(C)C(C)CCC3(CCC(=O)C32)C(C)C1O,0.5
C=CC1(C)CC(OC(=O)CN2CCN(C(=O)Nc3ccccc3)CC2)C2(C)C(C)CCC3(CCC(=O)C32)C(C)C1O,1
C=CC1(C)CC(OC(=O)CN2CCN(C(=O)NCc3ccccc3)CC2)C2(C)C(C)CCC3(CCC(=O)C32)C(C)C1O,1
C=CC1(C)CC(OC(=O)CN2CCN(C(=O)Nc3ccc4cccnc4c3)CC2)C2(C)C(C)CCC3(CCC(=O)C32)C(C)C1O,1
C=CC1(C)CC(OC(=O)CN2CCN(C(=O)Nc3cccc(NC(=O)OC(C)(C)C)c3)CC2)C2(C)C(C)CCC3(CCC(=O)C32)C(C)C1O,1
C=CC1(C)CC(OC(=O)CN2CCN(C(=O)Nc3cccc(F)c3)CC2)C2(C)C(C)CCC3(CCC(=O)C32)C(C)C1O,1
C=CC1(C)CC(OC(=O)CN2CCN(C(=O)Nc3cccc(C(F)(F)F)c3)CC2)C2(C)C(C)CCC3(CCC(=O)C32)C(C)C1O,1
C=CC1(C)CC(OC(=O)CN2CCN(C(=O)Nc3cccc(N)n3)CC2)C2(C)C(C)CCC3(CCC(=O)C32)C(C)C1O,1
C=CC1(C)CC(OC(=O)CN2CCN(C(=O)Nc3ccc(Br)nc3)CC2)C2(C)C(C)CCC3(CCC(=O)C32)C(C)C1O,1
C=CC1(C)CC(OC(=O)CN2CCN(C(=O)NCc3ccc(C(F)(F)F)cc3)CC2)C2(C)C(C)CCC3(CCC(=O)C32)C(C)C1O,0.5
C=CC1(C)CC(OC(=O)CN2CCN(C(=O)NCc3ccc([N+](=O)[O-])cc3)CC2)C2(C)C(C)CCC3(CCC(=O)C32)C(C)C1O,0.125
C=CC1(C)CC(OC(=O)CN2CCN(C(=O)NCc3ccccc3C(F)(F)F)CC2)C2(C)C(C)CCC3(CCC(=O)C32)C(C)C1O,0.125
C=CC1(C)CC(OC(=O)CN2CCN(C(=O)NCCc3ccccc3)CC2)C2(C)C(C)CCC3(CCC(=O)C32)C(C)C1O,1
C=CC1(C)CC(OC(=O)CN2CCN(C(=O)NCCc3cccc(OC)c3)CC2)C2(C)C(C)CCC3(CCC(=O)C32)C(C)C1O,1
C=CC1(C)CC(OC(=O)CN2CCN(C(=O)NCc3ccc(NC(=O)CN4CCOCC4)cc3)CC2)C2(C)C(C)CCC3(CCC(=O)C32)C(C)C1O,1
C=CC1(C)CC(OC(=O)Cn2cc(CN3CCN(c4ccccc4C)CC3)nn2)C2(C)C(C)CCC3(CCC(=O)C32)C(C)C1O,1
C=CC1(C)CC(OC(=O)Cn2cc(CN3CCN(c4ccc([N+](=O)[O-])cc4)CC3)nn2)C2(C)C(C)CCC3(CCC(=O)C32)C(C)C1O,1
C=CC1(C)CC(OC(=O)CSCCN(CC)CC)C2(C)C(C)CCC3(CCC(=O)C32)C(C)C1O,0.5
C=CC1(C)CC(OC(=O)CSc2nnc(-c3ccccc3)o2)C2(C)C(C)CCC3(CCC(=O)C32)C(C)C1O,1
C=CC1(C)CC(OC(=O)CSc2nnc(-c3cccc(C)c3)o2)C2(C)C(C)CCC3(CCC(=O)C32)C(C)C1O,0.5
C=CC1(C)CC(OC(=O)CSc2nnc(-c3ccc(N)cc3)o2)C2(C)C(C)CCC3(CCC(=O)C32)C(C)C1O,1
C=CC1(C)CC(OC(=O)CSc2nnc(-c3ccc(N)cc3)o2)C2(C)C(C)CCC3(CCC(=O)C32)C(C)C1O,0.25
C=CC1(C)CC(OC(=O)CSc2nnc(-c3ccc(N(C)C)cc3)o2)C2(C)C(C)CCC3(CCC(=O)C32)C(C)C1O,0.5
C=CC1(C)CC(OC(=O)CSc2nnc(-c3cccc([N+](=O)[O-])c3)o2)C2(C)C(C)CCC3(CCC(=O)C32)C(C)C1O,0.5
C=CC1(C)CC(OC(=O)CSc2nnc(-c3ccccc3O)o2)C2(C)C(C)CCC3(CCC(=O)C32)C(C)C1O,0.5
C=CC1(C)CC(OC(=O)CSc2nnc(-c3ccc(O)cc3)o2)C2(C)C(C)CCC3(CCC(=O)C32)C(C)C1O,0.25
C=CC1(C)CC(OC(=O)CSc2nnc(-c3ccc(OC)cc3)o2)C2(C)C(C)CCC3(CCC(=O)C32)C(C)C1O,0.5
C=CC1(C)CC(OC(=O)CSc2nnc(-c3ccccc3F)o2)C2(C)C(C)CCC3(CCC(=O)C32)C(C)C1O,0.5
C=CC1(C)CC(OC(=O)CSc2nnc(-c3cccc(F)c3)o2)C2(C)C(C)CCC3(CCC(=O)C32)C(C)C1O,0.25
C=CC1(C)CC(OC(=O)CSc2nnc(-c3ccco3)o2)C2(C)C(C)CCC3(CCC(=O)C32)C(C)C1O,0.25
C=CC1(C)CC(OC(=O)CSc2nnc(-c3cccs3)o2)C2(C)C(C)CCC3(CCC(=O)C32)C(C)C1O,0.5
C=CC1(C)CC(OC(=O)CSc2nnc(-c3ccccn3)o2)C2(C)C(C)CCC3(CCC(=O)C32)C(C)C1O,0.5
C=CC1(C)CC(OC(=O)CSc2nnc(-c3ccncc3)o2)C2(C)C(C)CCC3(CCC(=O)C32)C(C)C1O,0.5
C=CC1(C)CC(OC(=O)CSc2nnc(-c3cnccn3)o2)C2(C)C(C)CCC3(CCC(=O)C32)C(C)C1O,0.5
C=CC1(C)CC(OC(=O)CSc2nc(N)n(C(=O)c3ccccc3)n2)C2(C)C(C)CCC3(CCC(=O)C32)C(C)C1O,1
C=CC1(C)CC(OC(=O)CSc2nc(N)n(C(=O)c3ccccc3C)n2)C2(C)C(C)CCC3(CCC(=O)C32)C(C)C1O,1
C=CC1(C)CC(OC(=O)CSc2nc(N)n(C(=O)c3cccc(C)c3)n2)C2(C)C(C)CCC3(CCC(=O)C32)C(C)C1O,0.5
C=CC1(C)CC(OC(=O)CSc2nc(N)n(C(=O)c3ccc(C)cc3)n2)C2(C)C(C)CCC3(CCC(=O)C32)C(C)C1O,0.125
C=CC1(C)CC(OC(=O)CSc2nc(N)n(C(=O)c3cccc(F)c3)n2)C2(C)C(C)CCC3(CCC(=O)C32)C(C)C1O,0.5
C=CC1(C)CC(OC(=O)CSc2nc(N)n(C(=O)c3ccc(F)cc3)n2)C2(C)C(C)CCC3(CCC(=O)C32)C(C)C1O,1
C=CC1(C)CC(OC(=O)CSc2nc(N)n(C(=O)c3ccc(OC)cc3)n2)C2(C)C(C)CCC3(CCC(=O)C32)C(C)C1O,0.25
C=CC1(C)CC(OC(=O)CSc2nc(N)n(C(=O)c3cccc(OC)c3)n2)C2(C)C(C)CCC3(CCC(=O)C32)C(C)C1O,0.5
C=CC1(C)CC(OC(=O)CSc2nc(N)n(C(=O)c3ccccc3OC)n2)C2(C)C(C)CCC3(CCC(=O)C32)C(C)C1O,1
C=CC1(C)CC(OC(=O)CSc2nc(N)n(C(=O)c3ccccc3Cl)n2)C2(C)C(C)CCC3(CCC(=O)C32)C(C)C1O,0.5
C=CC1(C)CC(OC(=O)CSc2nc(N)n(C(=O)c3cccc(Cl)c3)n2)C2(C)C(C)CCC3(CCC(=O)C32)C(C)C1O,0.25
C=CC1(C)CC(OC(=O)CSc2nc(N)n(C(=O)c3ccc(Cl)cc3)n2)C2(C)C(C)CCC3(CCC(=O)C32)C(C)C1O,1
C=CC1(C)CC(OC(=O)CSc2nc(N)n(C(=O)c3ccc(C(F)(F)F)cc3)n2)C2(C)C(C)CCC3(CCC(=O)C32)C(C)C1O,1
C=CC1(C)CC(OC(=O)CSc2nc(N)n(C(=O)c3cc(Cl)cc(Cl)c3)n2)C2(C)C(C)CCC3(CCC(=O)C32)C(C)C1O,1
C=CC1(C)CC(OC(=O)CSc2nc(N)n(C(=O)c3ccc(F)cc3Cl)n2)C2(C)C(C)CCC3(CCC(=O)C32)C(C)C1O,1
C=CC1(C)CC(OC(=O)CSC2CCC(N)CC2O)C2(C)C(C)CCC3(CCC(=O)C32)C(C)C1O,0.5
C=CC1(C)CC(OC(=O)CSc2nc3ccccc3[nH]2)C2(C)C(C)CCC3(CCC(=O)C32)C(C)C1O,0.25
C=CC1(C)CC(OC(=O)CSc2nc3cc(C)ccc3[nH]2)C2(C)C(C)CCC3(CCC(=O)C32)C(C)C1O,1
C=CC1(C)CC(OC(=O)CSc2nc3c(C)cccc3[nH]2)C2(C)C(C)CCC3(CCC(=O)C32)C(C)C1O,0.5
C=CC1(C)CC(OC(=O)CSc2nc3c(C)cc(C)cc3[nH]2)C2(C)C(C)CCC3(CCC(=O)C32)C(C)C1O,1
C=CC1(C)CC(OC(=O)CSc2nc3cc(C(C)(C)C)ccc3[nH]2)C2(C)C(C)CCC3(CCC(=O)C32)C(C)C1O,0.5
C=CC1(C)CC(OC(=O)CSc2nc3cc(OCC)ccc3[nH]2)C2(C)C(C)CCC3(CCC(=O)C32)C(C)C1O,0.5
C=CC1(C)CC(OC(=O)CSc2nc3cc(F)ccc3[nH]2)C2(C)C(C)CCC3(CCC(=O)C32)C(C)C1O,0.0625
C=CC1(C)CC(OC(=O)CSc2nc3cc(Cl)ccc3[nH]2)C2(C)C(C)CCC3(CCC(=O)C32)C(C)C1O,0.25
C=CC1(C)CC(OC(=O)CSc2nc3cc(Br)ccc3[nH]2)C2(C)C(C)CCC3(CCC(=O)C32)C(C)C1O,0.25
C=CC1(C)CC(OC(=O)CSc2nc3cc([N+](=O)[O-])ccc3[nH]2)C2(C)C(C)CCC3(CCC(=O)C32)C(C)C1O,0.125
C=CC1(C)CC(OC(=O)CSc2nc3cc(C#N)ccc3[nH]2)C2(C)C(C)CCC3(CCC(=O)C32)C(C)C1O,0.25
C=CC1(C)CC(OC(=O)CSc2nc3cc(C(=O)OC)ccc3[nH]2)C2(C)C(C)CCC3(CCC(=O)C32)C(C)C1O,0.5
C=CC1(C)CC(OC(=O)CSc2nc3c(C(=O)OC)cccc3[nH]2)C2(C)C(C)CCC3(CCC(=O)C32)C(C)C1O,0.125
C=CC1(C)CC(OC(=O)CSc2nc3cc4ccccc4cc3[nH]2)C2(C)C(C)CCC3(CCC(=O)C32)C(C)C1O,1
C=CC1(C)CC(OC(=O)CSc2nc3cc(F)c(F)cc3[nH]2)C2(C)C(C)CCC3(CCC(=O)C32)C(C)C1O,0.125
C=CC1(C)CC(OC(=O)CSc2nc3c(F)c(F)ccc3[nH]2)C2(C)C(C)CCC3(CCC(=O)C32)C(C)C1O,0.25
C=CC1(C)CC(OC(=O)CSc2nc3c(F)cc(F)cc3[nH]2)C2(C)C(C)CCC3(CCC(=O)C32)C(C)C1O,0.25
C=CC1(C)CC(OC(=O)CSc2nc3cc(OC(F)F)ccc3[nH]2)C2(C)C(C)CCC3(CCC(=O)C32)C(C)C1O,0.25
C=CC1(C)CC(OC(=O)CSc2nc3cc(Cl)c(Cl)cc3[nH]2)C2(C)C(C)CCC3(CCC(=O)C32)C(C)C1O,0.25
C=CC1(C)CC(OC(=O)CSc2nc3cc(F)c(Cl)cc3[nH]2)C2(C)C(C)CCC3(CCC(=O)C32)C(C)C1O,0.125
C=CC1(C)CC(OC(=O)CSc2ncc(NC(=O)C3CC3)s2)C2(C)C(C)CCC3(CCC(=O)C32)C(C)C1O,0.25
C=CC1(C)CC(OC(=O)CSc2ncc(NC(=O)C3CCC3)s2)C2(C)C(C)CCC3(CCC(=O)C32)C(C)C1O,0.125
C=CC1(C)CC(OC(=O)CSc2ncc(NC(=O)C3CCCC3)s2)C2(C)C(C)CCC3(CCC(=O)C32)C(C)C1O,0.03125
C=CC1(C)CC(OC(=O)CSc2ncc(NC(=O)C3CCCCC3)s2)C2(C)C(C)CCC3(CCC(=O)C32)C(C)C1O,0.03125
C=CC1(C)CC(OC(=O)CSc2ncc(NC(=O)c3cccnc3Cl)s2)C2(C)C(C)CCC3(CCC(=O)C32)C(C)C1O,0.125
C=CC1(C)CC(OC(=O)CSc2ncc(NC(=O)COC)s2)C2(C)C(C)CCC3(CCC(=O)C32)C(C)C1O,0.125
C=CC1(C)CC(OC(=O)CSc2ncc(NC(=O)COCC)s2)C2(C)C(C)CCC3(CCC(=O)C32)C(C)C1O,0.125
C=CC1(C)CC(OC(=O)CSc2ncc(NC(=O)COC(C)=O)s2)C2(C)C(C)CCC3(CCC(=O)C32)C(C)C1O,0.125
C=CC1(C)CC(OC(=O)CSc2ncc(NCC(=O)C=CC)s2)C2(C)C(C)CCC3(CCC(=O)C32)C(C)C1O,0.0625
C=CC1(C)CC(OC(=O)CSc2ncc(NCC(=O)CCC)s2)C2(C)C(C)CCC3(CCC(=O)C32)C(C)C1O,0.125
C=CC1(C)CC(OC(=O)CSc2ncc(NCC(=O)CCCBr)s2)C2(C)C(C)CCC3(CCC(=O)C32)C(C)C1O,0.25
C=CC1(C)CC(OC(=O)CSc2ncc(NCC(=O)CCBr)s2)C2(C)C(C)CCC3(CCC(=O)C32)C(C)C1O,0.125
C=CC1(C)CC(OC(=O)CSc2ncc(NCC(=O)CCCCl)s2)C2(C)C(C)CCC3(CCC(=O)C32)C(C)C1O,0.125
C=CC1(C)CC(OC(=O)CSc2ncc(NCC(=O)CC(C)(C)C)s2)C2(C)C(C)CCC3(CCC(=O)C32)C(C)C1O,0.25
C=CC1(C)CC(OC(=O)CSc2ncc(NCC(=O)C(C)(C)C)s2)C2(C)C(C)CCC3(CCC(=O)C32)C(C)C1O,0.25
C=CC1(C)CC(OC(=O)CSc2ncc(NCC(=O)C(C)(C)CC)s2)C2(C)C(C)CCC3(CCC(=O)C32)C(C)C1O,0.25
C=CC1(C)CC(OC(=O)CSc2ncc(NCC(=O)C(C)(C)CCl)s2)C2(C)C(C)CCC3(CCC(=O)C32)C(C)C1O,0.25
C=CC1(C)CC(OC(=O)CSc2ncc(NCC(=O)C(=C)C)s2)C2(C)C(C)CCC3(CCC(=O)C32)C(C)C1O,0.25
C=CC1(C)CC(OC(=O)CSc2ncc(NCC(=O)C(C)C)s2)C2(C)C(C)CCC3(CCC(=O)C32)C(C)C1O,0.25
C=CC1(C)CC(OC(=O)CSc2ncc(NCC(=O)C(C)Cl)s2)C2(C)C(C)CCC3(CCC(=O)C32)C(C)C1O,0.125
C=CC1(C)CC(OC(=O)CSc2ncc(NCC(=O)Cl)s2)C2(C)C(C)CCC3(CCC(=O)C32)C(C)C1O,0.125
C=CC1(C)CC(OC(=O)CSC(C)(C)CNC(=O)C(N)C(C)C)C2(C)C(C)CCC3(CCC(=O)C32)C(C)C1O,0.0625
C=CC1(C)CC(OC(=O)CSc2ncc[nH]2)C2(C)C(C)CCC3(CCC(=O)C32)C(C)C1O,0.025
C=CC1(C)CC(OC(=O)CSC2=NCCS2)C2(C)C(C)CCC3(CCC(=O)C32)C(C)C1O,0.0625
C=CC1(C)CC(OC(=O)CSc2nc(O)cc(CCC)n2)C2(C)C(C)CCC3(CCC(=O)C32)C(C)C1O,0.25
C=CC1(C)CC(OC(=O)CSc2ncnc3nc[nH]c23)C2(C)C(C)CCC3(CCC(=O)C32)C(C)C1O,0.125
C=CC1(C)CC(OC(=O)CSc2nc3ccc([N+](=O)[O-])cc3s2)C2(C)C(C)CCC3(CCC(=O)C32)C(C)C1O,0.125
C=CC1(C)CC(OC(=O)CSc2c(C)cccc2C)C2(C)C(C)CCC3(CCC(=O)C32)C(C)C1O,0.125
C=CC1(C)CC(OC(=O)CSc2cc(C)cc(C)c2)C2(C)C(C)CCC3(CCC(=O)C32)C(C)C1O,0.25
C=CC1(C)CC(OC(=O)CSc2ccc(C)cc2C)C2(C)C(C)CCC3(CCC(=O)C32)C(C)C1O,0.25
C=CC1(C)CC(OC(=O)CSc2ccc(C(C)(C)C)cc2)C2(C)C(C)CCC3(CCC(=O)C32)C(C)C1O,0.0625
C=CC1(C)CC(OC(=O)CSc2ccc([N+](=O)[O-])cc2)C2(C)C(C)CCC3(CCC(=O)C32)C(C)C1O,0.015
C=CC1(C)CC(OC(=O)CSc2ccc(F)cc2C)C2(C)C(C)CCC3(CCC(=O)C32)C(C)C1O,0.125
C=CC1(C)CC(OC(=O)CSc2ccc(Cl)cc2N)C2(C)C(C)CCC3(CCC(=O)C32)C(C)C1O,0.0625
C=CC1(C)CC(OC(=O)CSc2ccc(Br)cc2)C2(C)C(C)CCC3(CCC(=O)C32)C(C)C1O,0.0625
C=CC1(C)CC(OC(=O)CSC(C)(C)CNC(=O)Cn2cc(Cc3cccc(N)c3)nn2)C2(C)C(C)CCC3(CCC(=O)C32)C(C)C1O,0.5
C=CC1(C)CC(OC(=O)CSCCOc2cc(=O)oc3ccccc23)C2(C)C(C)CCC3(CCC(=O)C32)C(C)C1O,0.25
C=CC1(C)CC(OC(=O)CSCCOc2cc(=O)oc3cc(OC)ccc23)C2(C)C(C)CCC3(CCC(=O)C32)C(C)C1O,0.125
C=CC1(C)CC(OC(=O)CSCCOc2cc(=O)oc3ccc(OC)cc23)C2(C)C(C)CCC3(CCC(=O)C32)C(C)C1O,0.25
C=CC1(C)CC(OC(=O)CSCCOc2cc(=O)oc3ccc([N+](=O)[O-])cc23)C2(C)C(C)CCC3(CCC(=O)C32)C(C)C1O,0.125
C=CC1(C)CC(OC(=O)CSCCOc2cc(=O)oc3cc(C)ccc23)C2(C)C(C)CCC3(CCC(=O)C32)C(C)C1O,0.25
C=CC1(C)CC(OC(=O)CSCCOc2cc(=O)oc3ccc(C)cc23)C2(C)C(C)CCC3(CCC(=O)C32)C(C)C1O,0.125
C=CC1(C)CC(OC(=O)CSCCOc2cc(=O)oc3cc(F)ccc23)C2(C)C(C)CCC3(CCC(=O)C32)C(C)C1O,0.125
C=CC1(C)CC(OC(=O)CSCCOc2cc(=O)oc3ccc(F)cc23)C2(C)C(C)CCC3(CCC(=O)C32)C(C)C1O,0.5
C=CC1(C)CC(OC(=O)CSCCOc2cc(=O)oc3cc(Cl)ccc23)C2(C)C(C)CCC3(CCC(=O)C32)C(C)C1O,1
C=CC1(C)CC(OC(=O)CSCCOc2cc(=O)oc3ccc(Cl)cc23)C2(C)C(C)CCC3(CCC(=O)C32)C(C)C1O,0.5
C=CC1(C)CC(OC(=O)CSCCOc2cc(=O)oc3cc(Br)ccc23)C2(C)C(C)CCC3(CCC(=O)C32)C(C)C1O,0.25
C=CC1(C)CC(OC(=O)CSCCOc2cc(=O)oc3ccc(Br)cc23)C2(C)C(C)CCC3(CCC(=O)C32)C(C)C1O,1
C=CC1(C)CC(OC(=O)CSc2cc(=O)oc3ccccc23)C2(C)C(C)CCC3(CCC(=O)C32)C(C)C1O,0.063
C=CC1(C)CC(OC(=O)CSc2cc(=O)oc3cc(OC)ccc23)C2(C)C(C)CCC3(CCC(=O)C32)C(C)C1O,0.031
C=CC1(C)CC(OC(=O)CSc2cc(=O)oc3ccc(OC)cc23)C2(C)C(C)CCC3(CCC(=O)C32)C(C)C1O,0.125
C=CC1(C)CC(OC(=O)CSc2cc(=O)oc3ccc([N+](=O)[O-])cc23)C2(C)C(C)CCC3(CCC(=O)C32)C(C)C1O,0.063
C=CC1(C)CC(OC(=O)CSc2cc(=O)oc3cc(C)ccc23)C2(C)C(C)CCC3(CCC(=O)C32)C(C)C1O,0.063
C=CC1(C)CC(OC(=O)CSc2cc(=O)oc3ccc(C)cc23)C2(C)C(C)CCC3(CCC(=O)C32)C(C)C1O,0.125
C=CC1(C)CC(OC(=O)CSc2cc(=O)oc3cc(F)ccc23)C2(C)C(C)CCC3(CCC(=O)C32)C(C)C1O,0.063
C=CC1(C)CC(OC(=O)CSc2cc(=O)oc3ccc(F)cc23)C2(C)C(C)CCC3(CCC(=O)C32)C(C)C1O,0.063
C=CC1(C)CC(OC(=O)CSc2cc(=O)oc3cc(Cl)ccc23)C2(C)C(C)CCC3(CCC(=O)C32)C(C)C1O,0.063
C=CC1(C)CC(OC(=O)CSc2cc(=O)oc3ccc(Cl)cc23)C2(C)C(C)CCC3(CCC(=O)C32)C(C)C1O,0.25
C=CC1(C)CC(OC(=O)CSc2cc(=O)oc3cc(Br)ccc23)C2(C)C(C)CCC3(CCC(=O)C32)C(C)C1O,0.063
C=CC1(C)CC(OC(=O)CSc2cc(=O)oc3ccc(Br)cc23)C2(C)C(C)CCC3(CCC(=O)C32)C(C)C1O,0.25
C=CC1(C)CC(OC(=O)CSc2cccc(NC(=O)c3cccc(B(O)O)c3)c2)C2(C)C(C)CCC3(CCC(=O)C32)C(C)C1O,0.0625
C=CC1(C)CC(OC(=O)CSc2cccc(NC(=O)c3ccc(B(O)O)cc3)c2)C2(C)C(C)CCC3(CCC(=O)C32)C(C)C1O,0.0156
C=CC1(C)CC(OC(=O)CSc2cccc(NC(=O)Cc3cccc(B(O)O)c3)c2)C2(C)C(C)CCC3(CCC(=O)C32)C(C)C1O,0.0625
C=CC1(C)CC(OC(=O)CSc2cccc(NC(=O)Cc3ccc(B(O)O)cc3)c2)C2(C)C(C)CCC3(CCC(=O)C32)C(C)C1O,0.0625
C=CC1(C)CC(OC(=O)CSc2cccc(NCc3ccccc3B(O)O)c2)C2(C)C(C)CCC3(CCC(=O)C32)C(C)C1O,0.0313
C=CC1(C)CC(OC(=O)CSc2cccc(NCc3cccc(B(O)O)c3)c2)C2(C)C(C)CCC3(CCC(=O)C32)C(C)C1O,0.0625
C=CC1(C)CC(OC(=O)CSc2cccc(NCCc3ccc(B(O)O)cc3)c2)C2(C)C(C)CCC3(CCC(=O)C32)C(C)C1O,0.0625
C=CC1(C)CC(OC(=O)CSc2cccc(NC(=O)c3ccc(F)c(B(O)O)c3)c2)C2(C)C(C)CCC3(CCC(=O)C32)C(C)C1O,0.0625
C=CC1(C)CC(OC(=O)CSc2cccc(NC(=O)c3cc(F)cc(B(O)O)c3)c2)C2(C)C(C)CCC3(CCC(=O)C32)C(C)C1O,0.0313
C=CC1(C)CC(OC(=O)CSc2cccc(NC(=O)c3cc(B(O)O)ccc3F)c2)C2(C)C(C)CCC3(CCC(=O)C32)C(C)C1O,0.0625
C=CC1(C)CC(OC(=O)CSc2cccc(NC(=O)c3cc(B(O)O)cc(C(F)(F)F)c3)c2)C2(C)C(C)CCC3(CCC(=O)C32)C(C)C1O,0.0625
C=CC1(C)CC(OC(=O)CSc2cccc(NC(=O)c3cc(N)cc(B(O)O)c3)c2)C2(C)C(C)CCC3(CCC(=O)C32)C(C)C1O,0.0625
C=CC1(C)CC(OC(=O)CSc2cccc(NC(=O)c3ccc(C)c(B(O)O)c3)c2)C2(C)C(C)CCC3(CCC(=O)C32)C(C)C1O,0.0313
C=CC1(C)CC(OC(=O)CSc2cccc(NC(=O)c3cc(C)cc(B(O)O)c3)c2)C2(C)C(C)CCC3(CCC(=O)C32)C(C)C1O,0.0313
C=CC1(C)CC(OC(=O)CSc2cccc(NC(=O)c3ccc(OC)c(B(O)O)c3)c2)C2(C)C(C)CCC3(CCC(=O)C32)C(C)C1O,0.0313
C=CC1(C)CC(OC(=O)CSc2cccc(NC(=O)c3cc(OC)cc(B(O)O)c3)c2)C2(C)C(C)CCC3(CCC(=O)C32)C(C)C1O,0.0313
C=CC1(C)CC(OC(=O)CSc2cccc(NC(=O)c3cc(B(O)O)ccc3OC)c2)C2(C)C(C)CCC3(CCC(=O)C32)C(C)C1O,0.0313
C=CC1(C)CC(OC(=O)CSc2cccc(NC(=O)c3ccc(B(O)O)c(F)c3)c2)C2(C)C(C)CCC3(CCC(=O)C32)C(C)C1O,0.0625
C=CC1(C)CC(OC(=O)CSc2cccc(NC(=O)c3ccc(B(O)O)cc3F)c2)C2(C)C(C)CCC3(CCC(=O)C32)C(C)C1O,0.0625
C=CC1(C)CC(OC(=O)CSc2cccc(NC(=O)c3ccc(B(O)O)c(Cl)c3)c2)C2(C)C(C)CCC3(CCC(=O)C32)C(C)C1O,0.0625
C=CC1(C)CC(OC(=O)CSc2cccc(NC(=O)c3ccc(B(O)O)cc3Cl)c2)C2(C)C(C)CCC3(CCC(=O)C32)C(C)C1O,0.0625
C=CC1(C)CC(OC(=O)CSc2cccc(NC(=O)c3ccc(B(O)O)c([N+](=O)[O-])c3)c2)C2(C)C(C)CCC3(CCC(=O)C32)C(C)C1O,0.0625
C=CC1(C)CC(OC(=O)CSc2cccc(NC(=O)c3ccc(B(O)O)cc3[N+](=O)[O-])c2)C2(C)C(C)CCC3(CCC(=O)C32)C(C)C1O,0.25
C=CC1(C)CC(OC(=O)CSc2cccc(NC(=O)c3ccc(B(O)O)c(OC)c3)c2)C2(C)C(C)CCC3(CCC(=O)C32)C(C)C1O,0.0313
C=CC1(C)CC(OC(=O)CSc2cccc(NC(=O)c3cc(F)c(B(O)O)c(F)c3)c2)C2(C)C(C)CCC3(CCC(=O)C32)C(C)C1O,0.0313
C=CC1(C)CC(OC(=O)CSc2cccc(NC(=O)c3ccc(B(O)O)c(F)c3F)c2)C2(C)C(C)CCC3(CCC(=O)C32)C(C)C1O,0.0313
C=CC1(C)CC(OC(=O)CSc2cccc(NC(=O)c3cncc(B(O)O)c3)c2)C2(C)C(C)CCC3(CCC(=O)C32)C(C)C1O,0.25
C=CC1(C)CC(OC(=O)CSc2cccc(NC(=O)c3ccc(B(O)O)o3)c2)C2(C)C(C)CCC3(CCC(=O)C32)C(C)C1O,0.5
C=CC1(C)CC(OC(=O)CSc2cccc(NC(=O)c3ccc(B(O)O)s3)c2)C2(C)C(C)CCC3(CCC(=O)C32)C(C)C1O,0.0625
C=CC1(C)CC(OC(=O)CSc2cccc(NC(=O)c3cccc(B4OC(C)(C)C(C)(C)O4)c3)c2)C2(C)C(C)CCC3(CCC(=O)C32)C(C)C1O,0.0625
C=CC1(C)CC(OC(=O)CSc2cccc(NC(=O)c3ccc(B4OC(C)(C)C(C)(C)O4)cc3)c2)C2(C)C(C)CCC3(CCC(=O)C32)C(C)C1O,0.0625
C=CC1(C)CC(OC(=O)CSc2ccc(NC(=O)c3cccc(B(O)O)c3)cc2)C2(C)C(C)CCC3(CCC(=O)C32)C(C)C1O,0.0313
C=CC1(C)CC(OC(=O)CSc2ccc(NC(=O)c3ccc(B(O)O)cc3)cc2)C2(C)C(C)CCC3(CCC(=O)C32)C(C)C1O,0.0625
C=CC1(C)CC(OC(=O)CSc2ccc(NC(=O)c3ccc(F)c(B(O)O)c3)cc2)C2(C)C(C)CCC3(CCC(=O)C32)C(C)C1O,0.0625
C=CC1(C)CC(OC(=O)CSc2ccc(NC(=O)c3cc(B(O)O)ccc3F)cc2)C2(C)C(C)CCC3(CCC(=O)C32)C(C)C1O,0.0625
C=CC1(C)CC(OC(=O)CSc2ccc(NC(=O)c3ccc(B(O)O)c(F)c3)cc2)C2(C)C(C)CCC3(CCC(=O)C32)C(C)C1O,0.0625
C=CC1(C)CC(OC(=O)CSc2ccc(NC(=O)c3ccc(B(O)O)cc3F)cc2)C2(C)C(C)CCC3(CCC(=O)C32)C(C)C1O,0.0625
C=CC1(C)CC(OC(=O)CSc2ccccc2NC(=O)c2ccc3c(c2)B(O)OC3)C2(C)C(C)CCC3(CCC(=O)C32)C(C)C1O,0.0625
C=CC1(C)CC(OC(=O)CSc2cccc(NC(=O)c3cc4c(cc3C)COB4O)c2)C2(C)C(C)CCC3(CCC(=O)C32)C(C)C1O,0.0156
C=CC1(C)CC(OC(=O)CSc2ccc(NC(=O)c3ccc4c(c3)B(O)OC4)cc2)C2(C)C(C)CCC3(CCC(=O)C32)C(C)C1O,0.0156
C=CC1(C)CC(OC(=O)CSC(C)(C)CNC(=O)c2ccc3c(c2)B(O)OC3)C2(C)C(C)CCC3(CCC(=O)C32)C(C)C1O,0.0625
C=CC1(C)CC(OC(=O)CSC2CCC(NC(=O)c3ccc4c(c3)B(O)OC4)CC2O)C2(C)C(C)CCC3(CCC(=O)C32)C(C)C1O,0.0625
C=CC1(C)CC(OC(=O)CSCC(=O)Nc2ccc(N)cc2C)C2(C)C(C)CCC3(CCC(=O)C32)C(C)C1O,0.125
C=CC1(C)CC(OC(=O)CSCC(=O)Nc2ccc(NCC)cc2C)C2(C)C(C)CCC3(CCC(=O)C32)C(C)C1O,0.0625
C=CC1(C)CC(OC(=O)CSCC(=O)Nc2ccc(NCCC)cc2C)C2(C)C(C)CCC3(CCC(=O)C32)C(C)C1O,0.0625
C=CC1(C)CC(OC(=O)CSCC(=O)Nc2ccc(NC(C)C)cc2C)C2(C)C(C)CCC3(CCC(=O)C32)C(C)C1O,0.0625
C=CCNc1ccc(NC(=O)CSCC(=O)OC2CC(C)(C=C)C(O)C(C)C34CCC(=O)C3C2(C)C(C)CC4)c(C)c1,0.0625
C=CC1(C)CC(OC(=O)CSCC(=O)Nc2ccc(NCCCC)cc2C)C2(C)C(C)CCC3(CCC(=O)C32)C(C)C1O,0.125
C=CC1(C)CC(OC(=O)CSCC(=O)Nc2ccc(NCc3ccccc3)cc2C)C2(C)C(C)CCC3(CCC(=O)C32)C(C)C1O,0.125
C=CC1(C)CC(OC(=O)CSCC(=O)Nc2ccc(N)cc2OC)C2(C)C(C)CCC3(CCC(=O)C32)C(C)C1O,0.125
C=CC1(C)CC(OC(=O)CSCC(=O)Nc2ccc(NCC)cc2OC)C2(C)C(C)CCC3(CCC(=O)C32)C(C)C1O,0.0625
C=CC1(C)CC(OC(=O)CSCC(=O)Nc2ccc(NCCC)cc2OC)C2(C)C(C)CCC3(CCC(=O)C32)C(C)C1O,0.0625
C=CC1(C)CC(OC(=O)CSCC(=O)Nc2ccc(NC(C)C)cc2OC)C2(C)C(C)CCC3(CCC(=O)C32)C(C)C1O,0.0625
C=CCNc1ccc(NC(=O)CSCC(=O)OC2CC(C)(C=C)C(O)C(C)C34CCC(=O)C3C2(C)C(C)CC4)c(OC)c1,0.0625
C=CC1(C)CC(OC(=O)CSCC(=O)Nc2ccc(NCCCC)cc2OC)C2(C)C(C)CCC3(CCC(=O)C32)C(C)C1O,0.25
C=CC1(C)CC(OC(=O)CSCC(=O)Nc2ccc(NCc3ccccc3)cc2OC)C2(C)C(C)CCC3(CCC(=O)C32)C(C)C1O,0.125
C=CC1(C)CC(OC(=O)CSc2ccccc2O)C2(C)C(C)CCC3(CCC(=O)C32)C(C)C1O,0.125
C=CC1(C)CC(OC(=O)CSc2cccc(O)c2)C2(C)C(C)CCC3(CCC(=O)C32)C(C)C1O,0.125
C=CC1(C)CC(OC(=O)CSc2ccc(O)cc2)C2(C)C(C)CCC3(CCC(=O)C32)C(C)C1O,0.0625
C=CC1(C)CC(OC(=O)CSc2ccccc2OCCCC)C2(C)C(C)CCC3(CCC(=O)C32)C(C)C1O,0.5
C=CCCOc1cccc(SCC(=O)OC2CC(C)(C=C)C(O)C(C)C34CCC(=O)C3C2(C)C(C)CC4)c1,0.5
C=CCCOc1ccc(SCC(=O)OC2CC(C)(C=C)C(O)C(C)C34CCC(=O)C3C2(C)C(C)CC4)cc1,0.25
C#COc1ccccc1SCC(=O)OC1CC(C)(C=C)C(O)C(C)C23CCC(=O)C2C1(C)C(C)CC3,0.125
C#COc1cccc(SCC(=O)OC2CC(C)(C=C)C(O)C(C)C34CCC(=O)C3C2(C)C(C)CC4)c1,0.125
C#COc1ccc(SCC(=O)OC2CC(C)(C=C)C(O)C(C)C34CCC(=O)C3C2(C)C(C)CC4)cc1,0.25
C=CC1(C)CC(OC(=O)CSc2ccccc2NC(=O)CN(C)CCO)C2(C)C(C)CCC3(CCC(=O)C32)C(C)C1O,0.0625
C=CC1(C)CC(OC(=O)CSc2ccccc2NC(=O)CN2CCC(N3CCCCC3)CC2)C2(C)C(C)CCC3(CCC(=O)C32)C(C)C1O,0.125
C=CC1(C)CC(OC(=O)CSc2ccccc2NC(=O)Cn2cncc2C)C2(C)C(C)CCC3(CCC(=O)C32)C(C)C1O,0.125
C=CC1(C)CC(OC(=O)CSc2ccccc2NC(=O)Cn2cncc2C)C2(C)C(C)CCC3(CCC(=O)C32)C(C)C1O,0.25
C=CC1(C)CC(OC(=O)CSc2ccccc2NC(=O)Cn2ccnc2C)C2(C)C(C)CCC3(CCC(=O)C32)C(C)C1O,0.25
C=CC1(C)CC(OC(=O)CSc2nc(OC(=O)C3CCC3)cs2)C2(C)C(C)CCC3(CCC(=O)C32)C(C)C1O,1
C=CC1(C)CC(OC(=O)CSc2nc(OC(=O)CCCCC)cs2)C2(C)C(C)CCC3(CCC(=O)C32)C(C)C1O,1
C=CC1(C)CC(OC(=O)CSc2nc(OC(=O)CCC)cs2)C2(C)C(C)CCC3(CCC(=O)C32)C(C)C1O,1
C=CC1(C)CC(OC(=O)CSc2nc(OC(=O)C3CC3)cs2)C2(C)C(C)CCC3(CCC(=O)C32)C(C)C1O,1
C=CC1(C)CC(OC(=O)CSc2nc(OC(=O)C3CCCCC3)cs2)C2(C)C(C)CCC3(CCC(=O)C32)C(C)C1O,1
C=CC1(C)CC(OC(=O)CSc2nc(OC(=O)c3ccc(Cl)cc3)cs2)C2(C)C(C)CCC3(CCC(=O)C32)C(C)C1O,0.5
C=CC1(C)CC(OC(=O)CSc2nc(OC(=O)C(C)(C)CC)cs2)C2(C)C(C)CCC3(CCC(=O)C32)C(C)C1O,0.25
C=CC1(C)CC(OC(=O)CSc2nc(OC(=O)c3ccccc3)cs2)C2(C)C(C)CCC3(CCC(=O)C32)C(C)C1O,0.5
C=CC1(C)CC(OC(=O)CSc2nc(OC(=O)c3ccc(C)cc3)cs2)C2(C)C(C)CCC3(CCC(=O)C32)C(C)C1O,0.25
C=CC1(C)CC(OC(=O)CSc2nc(OC(=O)c3cccc(Cl)c3)cs2)C2(C)C(C)CCC3(CCC(=O)C32)C(C)C1O,0.25
C=CC1(C)CC(OC(=O)CSc2nc(OC(=O)c3cccs3)cs2)C2(C)C(C)CCC3(CCC(=O)C32)C(C)C1O,0.5
C=CC1(C)CC(OC(=O)CSc2nc(OC(=O)CC(C)C)cs2)C2(C)C(C)CCC3(CCC(=O)C32)C(C)C1O,1
C=CC1(C)CC(OC(=O)CSc2nc(OC(=O)CC(C)(C)C)cs2)C2(C)C(C)CCC3(CCC(=O)C32)C(C)C1O,0.5
C=CC1(C)CC(OC(=O)CSc2nc(OC(=O)C(C)(C)C)cs2)C2(C)C(C)CCC3(CCC(=O)C32)C(C)C1O,0.25
C=CC1(C)CC(OC(=O)CSc2nc(OC(=O)c3ccc(F)cc3)cs2)C2(C)C(C)CCC3(CCC(=O)C32)C(C)C1O,0.5
C=CC1(C)CC(OC(=O)CSc2nc(OC(=O)c3ccccc3Cl)cs2)C2(C)C(C)CCC3(CCC(=O)C32)C(C)C1O,1
C=CC1(C)CC(OC(=O)CSc2nc(OC(=O)c3ccccc3F)cs2)C2(C)C(C)CCC3(CCC(=O)C32)C(C)C1O,0.5
C=CC1(C)CC(OC(=O)CSc2nc(OC(=O)c3cccc(C)c3)cs2)C2(C)C(C)CCC3(CCC(=O)C32)C(C)C1O,0.5
C=CC1(C)CC(OC(=O)CSc2nc(OC(=O)c3cccc(OC)c3)cs2)C2(C)C(C)CCC3(CCC(=O)C32)C(C)C1O,1
C=CC1(C)CC(OC(=O)CSC2=NC(=O)CS2)C2(C)C(C)CCC3(CCC(=O)C32)C(C)C1O,0.5
C=CC1(C)CC(OC(=O)CSc2ncc(NC(=O)C3CC3)s2)C2(C)C(C)CCC3(CCC(=O)C32)C(C)C1O,0.25
C=CC1(C)CC(OC(=O)CSc2ncc(NC(=O)C3CCC3)s2)C2(C)C(C)CCC3(CCC(=O)C32)C(C)C1O,0.125
C=CC1(C)CC(OC(=O)CSc2ncc(NC(=O)C3CCCC3)s2)C2(C)C(C)CCC3(CCC(=O)C32)C(C)C1O,0.03125
C=CC1(C)CC(OC(=O)CSc2ncc(NC(=O)C3CCCCC3)s2)C2(C)C(C)CCC3(CCC(=O)C32)C(C)C1O,0.03125
C=CC1(C)CC(OC(=O)CSc2ncc(NC(=O)c3cccnc3Cl)s2)C2(C)C(C)CCC3(CCC(=O)C32)C(C)C1O,0.125
C=CC1(C)CC(OC(=O)CSc2ncc(NC(=O)COC)s2)C2(C)C(C)CCC3(CCC(=O)C32)C(C)C1O,0.125
C=CC1(C)CC(OC(=O)CSc2ncc(NC(=O)COCC)s2)C2(C)C(C)CCC3(CCC(=O)C32)C(C)C1O,0.125
C=CC1(C)CC(OC(=O)CSc2ncc(NC(=O)COC(C)=O)s2)C2(C)C(C)CCC3(CCC(=O)C32)C(C)C1O,0.125
C=CC1(C)CC(OC(=O)CSc2ncc(NC(=O)C=CC)s2)C2(C)C(C)CCC3(CCC(=O)C32)C(C)C1O,0.0625
C=CC1(C)CC(OC(=O)CSc2ncc(NC(=O)CCC)s2)C2(C)C(C)CCC3(CCC(=O)C32)C(C)C1O,0.125
C=CC1(C)CC(OC(=O)CSc2ncc(NC(=O)CCBr)s2)C2(C)C(C)CCC3(CCC(=O)C32)C(C)C1O,0.125
C=CC1(C)CC(OC(=O)CSc2ncc(NC(=O)CCCBr)s2)C2(C)C(C)CCC3(CCC(=O)C32)C(C)C1O,0.25
C=CC1(C)CC(OC(=O)CSc2ncc(NC(=O)CCCCl)s2)C2(C)C(C)CCC3(CCC(=O)C32)C(C)C1O,0.125
C=CC1(C)CC(OC(=O)CSc2ncc(NC(=O)CC(C)(C)C)s2)C2(C)C(C)CCC3(CCC(=O)C32)C(C)C1O,0.25
C=CC1(C)CC(OC(=O)CSc2ncc(NC(=O)C(C)(C)C)s2)C2(C)C(C)CCC3(CCC(=O)C32)C(C)C1O,0.25
C=CC1(C)CC(OC(=O)CSc2ncc(NC(=O)C(C)(C)CC)s2)C2(C)C(C)CCC3(CCC(=O)C32)C(C)C1O,0.25
C=CC1(C)CC(OC(=O)CSc2ncc(NC(=O)C(C)(C)CCl)s2)C2(C)C(C)CCC3(CCC(=O)C32)C(C)C1O,0.25
C=CC1(C)CC(OC(=O)CSc2ncc(NC(=O)C(=C)C)s2)C2(C)C(C)CCC3(CCC(=O)C32)C(C)C1O,0.25
C=CC1(C)CC(OC(=O)CSc2ncc(NC(=O)C(C)C)s2)C2(C)C(C)CCC3(CCC(=O)C32)C(C)C1O,0.25
C=CC1(C)CC(OC(=O)CSc2ncc(NC(=O)C(C)Cl)s2)C2(C)C(C)CCC3(CCC(=O)C32)C(C)C1O,0.125
C=CC1(C)CC(OC(=O)CSc2ncc(NC(=O)Cl)s2)C2(C)C(C)CCC3(CCC(=O)C32)C(C)C1O,0.125
C=CC1(C)CC(OC(=O)CSc2cccc(C(=O)Nc3ccc(S(=O)(=O)Nc4ccccn4)cc3)c2)C2(C)C(C)CCC3(CCC(=O)C32)C(C)C1O,0.016
C=CC1(C)CC(OC(=O)CSc2cccc(C(=O)Nc3ccc(S(N)(=O)=O)cc3)c2)C2(C)C(C)CCC3(CCC(=O)C32)C(C)C1O,0.016
C=CC1(C)CC(OC(=O)CSc2cccc(C(=O)Nc3ccc(S(=O)(=O)Nc4nc(C)cc(C)n4)cc3)c2)C2(C)C(C)CCC3(CCC(=O)C32)C(C)C1O,0.125
C=CC1(C)CC(OC(=O)CSc2cccc(C(=O)Nc3ccc(S(=O)(=O)NC4=NC=CCS4)cc3)c2)C2(C)C(C)CCC3(CCC(=O)C32)C(C)C1O,0.008
C=CC1(C)CC(OC(=O)CSc2cccc(C(=O)Nc3ccc(S(=O)(=O)Nc4cc(OC)ncn4)cc3)c2)C2(C)C(C)CCC3(CCC(=O)C32)C(C)C1O,0.25
C=CC1(C)CC(OC(=O)CSc2cccc(C(=O)Nc3ccc(S(=O)(=O)Nc4cc(C)on4)cc3)c2)C2(C)C(C)CCC3(CCC(=O)C32)C(C)C1O,0.063
C=CC1(C)CC(OC(=O)CSc2cccc(C(=O)O)c2)C2(C)C(C)CCC3(CCC(=O)C32)C(C)C1O,0.125
C=CC1(C)CC(OC(=O)CSC(C)(C)CCC(=O)C(N)C(C)C)C2(C)C(C)CCC3(CCC(=O)C32)C(C)C1O,0.016
C=CC1(C)CC(OC(=O)CSC(C)(C)CNC(=O)c2ccccc2)C2(C)C(C)CCC3(CCC(=O)C32)C(C)C1O,15.4
C=CC1(C)CC(OC(=O)CSC(C)(C)CNC(=O)c2ccc([N+](=O)[O-])cc2)C2(C)C(C)CCC3(CCC(=O)C32)C(C)C1O,15.7
C=CC1(C)CC(OC(=O)CSC(C)(C)CNC(=O)c2cc([N+](=O)[O-])ccc2Cl)C2(C)C(C)CCC3(CCC(=O)C32)C(C)C1O,15.8
C=CC1(C)CC(OC(=O)CN2CCN(C(=O)Nc3ccncc3)CC2)C2(C)C(C)CCC3(CCC(=O)C32)C(C)C1O,4
C=CC1(C)CC(OC(=O)CN2CCN(C(=O)N(C)CCN3CCOCC3)CC2)C2(C)C(C)CCC3(CCC(=O)C32)C(C)C1O,4
C=CC1(C)CC(OC(=O)CN2CCN(C(=O)N(C)c3ccccc3)CC2)C2(C)C(C)CCC3(CCC(=O)C32)C(C)C1O,4
C=CC1(C)CC(OC(=O)Cn2cc(CN3CCN(c4ccccc4)CC3)nn2)C2(C)C(C)CCC3(CCC(=O)C32)C(C)C1O,8
C=CC1(C)CC(OC(=O)Cn2cc(CN3CCN(c4ccccc4F)CC3)nn2)C2(C)C(C)CCC3(CCC(=O)C32)C(C)C1O,4
C=CC1(C)CC(OC(=O)Cn2cc(CN3CCN(c4ccccc4Cl)CC3)nn2)C2(C)C(C)CCC3(CCC(=O)C32)C(C)C1O,8
C=CC1(C)CC(OC(=O)Cn2cc(CN3CCN(c4ccc(OC)cc4)CC3)nn2)C2(C)C(C)CCC3(CCC(=O)C32)C(C)C1O,4
C=CC1(C)CC(OC(=O)Cn2cc(CN3CCN(c4ccccc4O)CC3)nn2)C2(C)C(C)CCC3(CCC(=O)C32)C(C)C1O,8
C=CC1(C)CC(OC(=O)CSc2nnco2)C2(C)C(C)CCC3(CCC(=O)C32)C(C)C1O,8
C=CC1(C)CC(OC(=O)CSc2nnc(-c3ccc(Br)cc3)o2)C2(C)C(C)CCC3(CCC(=O)C32)C(C)C1O,8
C=CC1(C)CC(OC(=O)CSc2nc(N)n(C(=O)c3ccccc3C(F)(F)F)n2)C2(C)C(C)CCC3(CCC(=O)C32)C(C)C1O,4
C=CC1(C)CC(OC(=O)CSc2nc(N)n(C(=O)c3c(F)c(F)c(F)c(F)c3F)n2)C2(C)C(C)CCC3(CCC(=O)C32)C(C)C1O,2
C=CC1(C)CC(OC(=O)CSc2nc(N)n(C(=O)c3ccc(OC(F)(F)F)cc3)n2)C2(C)C(C)CCC3(CCC(=O)C32)C(C)C1O,2
C=CC1(C)CC(OC(=O)CSc2ncc(NC(=O)C(Cl)(Cl)Cl)s2)C2(C)C(C)CCC3(CCC(=O)C32)C(C)C1O,2
C=CC1(C)CC(OC(=O)CSc2ccccc2Cl)C2(C)C(C)CCC3(CCC(=O)C32)C(C)C1O,8
C=CC1(C)CC(OC(=O)CSC(C)(C)CNC(=O)Cn2cc(Nc3ccc(OC)cc3)nn2)C2(C)C(C)CCC3(CCC(=O)C32)C(C)C1O,4
C=CC1(C)CC(OC(=O)CSC(C)(C)CNC(=O)Cn2cc(Nc3ccc(Cl)cc3)nn2)C2(C)C(C)CCC3(CCC(=O)C32)C(C)C1O,2
C=CC1(C)CC(OC(=O)CSC(C)(C)CNC(=O)Cn2cc(Oc3ccc([N+](=O)[O-])cc3)nn2)C2(C)C(C)CCC3(CCC(=O)C32)C(C)C1O,4
C=CC1(C)CC(OC(=O)CSC(C)(C)CNC(=O)Cn2cc(CC3CC3)nn2)C2(C)C(C)CCC3(CCC(=O)C32)C(C)C1O,4
C.C=CC1(C)CC(OC(=O)CSc2cccc(OCc3cccc(NC(=O)C(C)(C)C)c3)c2)C2(C)C(C)CCC3(CCC(=O)C32)C(C)C1O,4
C=CC1(C)CC(OC(=O)CSc2ccccc2OCc2ccc(-c3ccccc3C#N)cc2)C2(C)C(C)CCC3(CCC(=O)C32)C(C)C1O,2
C=CC1(C)CC(OC(=O)CSc2nc(-c3cc[n+](CCCC)cc3)cs2)C2(C)C(C)CCC3(CCC(=O)C32)C(C)C1O.[Br-],4
C=CC1(C)CC(OC(=O)CSc2nc(-c3cc[n+](-c4ccc5ccccc5c4)cc3)cs2)C2(C)C(C)CCC3(CCC(=O)C32)C(C)C1O.[Br-],4
C=CC1(C)CC(OC(=O)CSc2nc(-c3cc[n+](-c4ccsc4)cc3)cs2)C2(C)C(C)CCC3(CCC(=O)C32)C(C)C1O.[Br-],0.25
C=CC1(C)CC(OC(=O)CSc2nc(-c3cc[n+](-c4ccc([N+](=O)[O-])o4)cc3)cs2)C2(C)C(C)CCC3(CCC(=O)C32)C(C)C1O.[Br-],4
C=CC1(C)CC(OC(=O)CSc2nc(-c3cc[n+](CCCCCCCCCC)cc3)cs2)C2(C)C(C)CCC3(CCC(=O)C32)C(C)C1O.[Br-],0.25
C=CC1(C)CC(OC(=O)CSc2nc(-c3cc[n+](Cc4ccccc4)cc3)cs2)C2(C)C(C)CCC3(CCC(=O)C32)C(C)C1O.[Br-],0.125
C=CC1(C)CC(OC(=O)CSc2nc(-c3cc[n+](Cc4ccc(C)cc4)cc3)cs2)C2(C)C(C)CCC3(CCC(=O)C32)C(C)C1O.[Br-],0.0625
C=CC1(C)CC(OC(=O)CSc2nc(-c3cc[n+](Cc4ccc(C(F)(F)F)cc4)cc3)cs2)C2(C)C(C)CCC3(CCC(=O)C32)C(C)C1O.[Br-],0.25
C=CC1(C)CC(OC(=O)CSc2nc(-c3cc[n+](Cc4ccc(OC)cc4)cc3)cs2)C2(C)C(C)CCC3(CCC(=O)C32)C(C)C1O.[Br-],2
C=CC1(C)CC(OC(=O)CSc2nc(-c3cc[n+](Cc4ccc(C(C)(C)C)cc4)cc3)cs2)C2(C)C(C)CCC3(CCC(=O)C32)C(C)C1O.[Br-],0.25
C=CC1(C)CC(OC(=O)CSc2nc(-c3cc[n+](Cc4ccc([N+](=O)[O-])cc4)cc3)cs2)C2(C)C(C)CCC3(CCC(=O)C32)C(C)C1O.[Br-],0.125
C=CC1(C)CC(OC(=O)CSc2nc(-c3cc[n+](Cc4ccc(C#N)cc4)cc3)cs2)C2(C)C(C)CCC3(CCC(=O)C32)C(C)C1O.[Br-],0.125
C=CC1(C)CC(OC(=O)CSc2nc(-c3cc[n+](Cc4ccc(Cl)cc4)cc3)cs2)C2(C)C(C)CCC3(CCC(=O)C32)C(C)C1O.[Br-],0.125
C=CC1(C)CC(OC(=O)CSc2nc(-c3cc[n+](Cc4ccc(-c5ccccc5)cc4)cc3)cs2)C2(C)C(C)CCC3(CCC(=O)C32)C(C)C1O.[Br-],0.5
C=CC1(C)CC(OC(=O)CSc2nc(-c3cc[n+](Cc4ccccc4)cc3)cs2)C2(C)C(C)CCC3(CCC(=O)C32)C(C)C1O.[Br-],16
C=CC1(C)CC(OC(=O)CSc2nc(-c3cc[n+](Cc4ccc(C)cc4)cc3)cs2)C2(C)C(C)CCC3(CCC(=O)C32)C(C)C1O.[Br-],4
C=CC1(C)CC(OC(=O)CSc2nc(-c3cc[n+](Cc4ccc(C#N)cc4)cc3)cs2)C2(C)C(C)CCC3(CCC(=O)C32)C(C)C1O.[Br-],16
C=CC1(C)CC(OC(=O)COC(=O)C=Cc2ccccc2)C2(C)C(C)CCC3(CCC(=O)C32)C(C)C1O,16
C=CC1(C)CC(OC(=O)COC(=O)C=Cc2ccc(C(F)(F)F)cc2)C2(C)C(C)CCC3(CCC(=O)C32)C(C)C1O,16
C=CC1(C)CC(OC(=O)COC(=O)C=Cc2ccc([N+](=O)[O-])cc2)C2(C)C(C)CCC3(CCC(=O)C32)C(C)C1O,2
C=CC1(C)CC(OC(=O)COC(=O)C=Cc2ccc(OC)cc2)C2(C)C(C)CCC3(CCC(=O)C32)C(C)C1O,8
C=CC1(C)CC(OC(=O)COC(=O)C=Cc2ccc(N(C)C)cc2)C2(C)C(C)CCC3(CCC(=O)C32)C(C)C1O,2
C=CC1(C)CC(OC(=O)COC(=O)C=Cc2ccc(Cn3ccnc3)cc2)C2(C)C(C)CCC3(CCC(=O)C32)C(C)C1O,16
C=CC1(C)CC(OC(=O)COC(=O)C=Cc2cccc(C#N)c2)C2(C)C(C)CCC3(CCC(=O)C32)C(C)C1O,8
C=CC1(C)CC(OC(=O)COC(=O)C=Cc2ccc(OC)c(OC)c2)C2(C)C(C)CCC3(CCC(=O)C32)C(C)C1O,8
C=CC1(C)CC(OC(=O)COC(=O)C=Cc2ccc(C(F)(F)F)cc2F)C2(C)C(C)CCC3(CCC(=O)C32)C(C)C1O,16
C=CC1(C)CC(OC(=O)COC(=O)C(C#N)=Cc2ccc3ccccc3c2)C2(C)C(C)CCC3(CCC(=O)C32)C(C)C1O,8
C=CC1(C)CC(OC(=O)COC(=O)C(=Cc2cccnc2)c2ccccc2)C2(C)C(C)CCC3(CCC(=O)C32)C(C)C1O,8
C=CC1(C)CC(OC(=O)COC(=O)C(=Cc2ccncc2)c2ccccc2)C2(C)C(C)CCC3(CCC(=O)C32)C(C)C1O,16
C=CC1(C)CC(OC(=O)COC(=O)C(=Cc2cccs2)c2ccccc2)C2(C)C(C)CCC3(CCC(=O)C32)C(C)C1O,16
C=CC1(C)CC(OC(=O)COC(=O)C(=Cc2ccco2)c2ccccc2)C2(C)C(C)CCC3(CCC(=O)C32)C(C)C1O,8
C=CC1(C)CC(OC(=O)CSc2ccc(Nc3nc(Cl)nc4c3cnn4-c3ccc(Cl)cc3)cc2)C2(C)C(C)CCC3(CCC(=O)C32)C(C)C1O,16
C=CC1(C)CC(OC(=O)CN2CCN(C(=O)CNC(=O)OC(C)(C)C)CC2)C2(C)C(C)CCC3(CCC(=O)C32)C(C)C1O,4
C=CC1(C)CC(OC(=O)CN2CCN(C(=O)CN)CC2)C2(C)C(C)CCC3(CCC(=O)C32)C(C)C1O,2
C=CC1(C)CC(OC(=O)CN2CCN(C(=O)C(C)N)CC2)C2(C)C(C)CCC3(CCC(=O)C32)C(C)C1O,2
C=CC1(C)CC(OC(=O)CN2CCN(C(=O)C(CC(C)C)NC(=O)OC(C)(C)C)CC2)C2(C)C(C)CCC3(CCC(=O)C32)C(C)C1O,8
C=CC1(C)CC(OC(=O)CN2CCN(C(=O)C(N)CC(C)C)CC2)C2(C)C(C)CCC3(CCC(=O)C32)C(C)C1O,4
C=CC1(C)CC(OC(=O)CN2CCN(C(=O)C(N)CC)CC2)C2(C)C(C)CCC3(CCC(=O)C32)C(C)C1O,4
C=CC1(C)CC(OC(=O)CN2CCN(C(=O)C(NC(=O)OC(C)(C)C)C(C)C)CC2)C2(C)C(C)CCC3(CCC(=O)C32)C(C)C1O,2
C=CC1(C)CC(OC(=O)CN2CCN(C(=O)C(NC(=O)OC(C)(C)C)C(C)CC)CC2)C2(C)C(C)CCC3(CCC(=O)C32)C(C)C1O,4
C=CC1(C)CC(OC(=O)CN2CCN(C(=O)C(N)C(C)CC)CC2)C2(C)C(C)CCC3(CCC(=O)C32)C(C)C1O,4
C=CC1(C)CC(OC(=O)CN2CCN(C(=O)C(N)CCSC)CC2)C2(C)C(C)CCC3(CCC(=O)C32)C(C)C1O,2
C=CC1(C)CC(OC(=O)CN2CCN(C(=O)C(CCCCNC(=O)OC(C)(C)C)NC(=O)OC(C)(C)C)CC2)C2(C)C(C)CCC3(CCC(=O)C32)C(C)C1O,8
C=CC1(C)CC(OC(=O)CN2CCN(C(=O)C(N)CCCCN)CC2)C2(C)C(C)CCC3(CCC(=O)C32)C(C)C1O,16
C=CC1(C)CC(OC(=O)CN2CCN(C(=O)C(NC(=O)OC(C)(C)C)C(C)O)CC2)C2(C)C(C)CCC3(CCC(=O)C32)C(C)C1O,2
C=CC1(C)CC(OC(=O)CN2CCN(C(=O)C(N)C(C)O)CC2)C2(C)C(C)CCC3(CCC(=O)C32)C(C)C1O,4
C=CC1(C)CC(OC(=O)CN2CCN(C(=O)C(NC(=O)OC(C)(C)C)C3CCCCC3)CC2)C2(C)C(C)CCC3(CCC(=O)C32)C(C)C1O,8
C=CC1(C)CC(OC(=O)CN2CCN(C(=O)C(N)C3CCCCC3)CC2)C2(C)C(C)CCC3(CCC(=O)C32)C(C)C1O,4
C=CC1(C)CC(OC(=O)CN2CCN(C(=O)C(Cc3ccccc3)NC(=O)OC(C)(C)C)CC2)C2(C)C(C)CCC3(CCC(=O)C32)C(C)C1O,2
C=CC1(C)CC(OC(=O)CN2CCN(C(=O)C(N)Cc3ccccc3)CC2)C2(C)C(C)CCC3(CCC(=O)C32)C(C)C1O,4
C=CC1(C)CC(OC(=O)CN2CCN(C(=O)C(NC(=O)OC(C)(C)C)c3c[nH]c4ccccc34)CC2)C2(C)C(C)CCC3(CCC(=O)C32)C(C)C1O,2
C=CC1(C)CC(OC(=O)CN2CCN(C(=O)C(N)c3c[nH]c4ccccc34)CC2)C2(C)C(C)CCC3(CCC(=O)C32)C(C)C1O,16
C=CC1(C)CC(OC(=O)CN2CCN(c3ccc(C(=O)CN4CCN(C(=O)n5cc(CN6CCN(C)CC6)nn5)CC4)cc3)CC2)C2(C)C(C)CCC3(CCC(=O)C32)C(C)C1O,8
C=CC1(C)CC(OC(=O)CN2CCN(c3ccc(C(=O)CN4CCN(C(=O)n5cc(CN6CCN(c7ccccc7)CC6)nn5)CC4)cc3)CC2)C2(C)C(C)CCC3(CCC(=O)C32)C(C)C1O,4
C=CC1(C)CC(OC(=O)CN2CCN(c3ccc(C(=O)CN4CCN(C(=O)n5cc(CN6CCN(c7ccccc7C)CC6)nn5)CC4)cc3)CC2)C2(C)C(C)CCC3(CCC(=O)C32)C(C)C1O,2
C=CC1(C)CC(OC(=O)CN2CCN(c3ccc(C(=O)CN4CCN(C(=O)n5cc(CN6CCN(c7ccccc7OC)CC6)nn5)CC4)cc3)CC2)C2(C)C(C)CCC3(CCC(=O)C32)C(C)C1O,4
C=CC1(C)CC(OC(=O)CN2CCN(c3ccc(C(=O)CN4CCN(C(=O)n5cc(CN6CCN(c7cccc(O)c7)CC6)nn5)CC4)cc3)CC2)C2(C)C(C)CCC3(CCC(=O)C32)C(C)C1O,2
C=CC1(C)CC(OC(=O)CN2CCN(c3ccc(C(=O)CN4CCN(C(=O)n5cc(CN6CCN(c7cccc([N+](=O)[O-])c7)CC6)nn5)CC4)cc3)CC2)C2(C)C(C)CCC3(CCC(=O)C32)C(C)C1O,1
C=CC1(C)CC(OC(=O)CN2CCN(c3ccc(C(=O)CN4CCN(C(=O)n5cc(CN6CCN(c7ccc([N+](=O)[O-])cc7)CC6)nn5)CC4)cc3)CC2)C2(C)C(C)CCC3(CCC(=O)C32)C(C)C1O,8
C=CC1(C)CC(OC(=O)CN2CCN(c3ccc(C(=O)CN4CCN(C(=O)n5cc(CN6CCN(c7ccc(F)cc7)CC6)nn5)CC4)cc3)CC2)C2(C)C(C)CCC3(CCC(=O)C32)C(C)C1O,4
C=CC1(C)CC(OC(=O)CN2CCN(c3ccc(C(=O)CN4CCN(C(=O)n5cc(CN(C)C)nn5)CC4)cc3)CC2)C2(C)C(C)CCC3(CCC(=O)C32)C(C)C1O,4
C=CC1(C)CC(OC(=O)CN2CCN(c3ccc(C(=O)CN4CCN(C(=O)n5cc(CN(CC)CC)nn5)CC4)cc3)CC2)C2(C)C(C)CCC3(CCC(=O)C32)C(C)C1O,4
C=CC1(C)CC(OC(=O)CN2CCN(c3ccc(C(=O)CN4CCN(C(=O)n5cc(CN6CCOCC6)nn5)CC4)cc3)CC2)C2(C)C(C)CCC3(CCC(=O)C32)C(C)C1O,8
C=CC1(C)CC(OC(=O)CN2CCN(c3ccc(C(=O)CN4CCN(C(=O)n5cc(CN6CCC(CCO)CC6)nn5)CC4)cc3)CC2)C2(C)C(C)CCC3(CCC(=O)C32)C(C)C1O,16
C=CC1(C)CC(OC(=O)CN2CCN(c3ccc(C(=O)CN4CCN(C(=O)n5cc(CN6CCCC(CO)C6)nn5)CC4)cc3)CC2)C2(C)C(C)CCC3(CCC(=O)C32)C(C)C1O,16
C=CC1(C)CC(OC(=O)CN2CCN(c3ccc(C(=O)CN4CCN(C(=O)n5cc(CN6CCC(O)CC6)nn5)CC4)cc3)CC2)C2(C)C(C)CCC3(CCC(=O)C32)C(C)C1O,16
C=CC1(C)CC(OC(=O)CN2CCN(c3ccc(C(=O)CN4CCN(C(=O)n5cc(CN6CCCCC6)nn5)CC4)cc3)CC2)C2(C)C(C)CCC3(CCC(=O)C32)C(C)C1O,4
C=CC1(C)CC(OC(=O)CN2CCN(c3ccc(C(=O)CN4CCN(C(=O)n5cc(CN6CCCC6)nn5)CC4)cc3)CC2)C2(C)C(C)CCC3(CCC(=O)C32)C(C)C1O,4
C=CC1(C)CC(OC(=O)CSc2ncnc(OC3CCCC3)n2)C2(C)C(C)CCC3(CCC(=O)C32)C(C)C1O,4
C=CC1(C)CC(OC(=O)CSc2ncnc(NCCN)n2)C2(C)C(C)CCC3(CCC(=O)C32)C(C)C1O,2
C=CC1(C)CC(OC(=O)Cn2cc(-c3ccc(CN)cc3)nn2)C2(C)C(C)CCC3(CCC(=O)C32)C(C)C1O,2
C=CC1(C)CC(OC(=O)Cn2cc(-c3cccc(CN(CC)CC)c3)nn2)C2(C)C(C)CCC3(CCC(=O)C32)C(C)C1O,2
C=CC1(C)CC(OC(=O)Cn2cc(-c3cccc(CN4CCN(C)CC4)c3)nn2)C2(C)C(C)CCC3(CCC(=O)C32)C(C)C1O,2
C=CC1(C)CC(OC(=O)Cn2cc(-c3ccccc3Cc3ccc(OC)cc3)nn2)C2(C)C(C)CCC3(CCC(=O)C32)C(C)C1O,2
C=CC1(C)CC(OC(=O)Cn2cc(-c3cccc(Cc4cccc(CN(CC)CC)c4)c3)nn2)C2(C)C(C)CCC3(CCC(=O)C32)C(C)C1O,2
C=CC1(C)CC(OC(=O)Cn2cc(-c3cccc(Cc4ccc(N(CC)CC)cc4)c3)nn2)C2(C)C(C)CCC3(CCC(=O)C32)C(C)C1O,8
C=CC1(C)CC(OC(=O)CSc2nc3c(C)cccc3o2)C2(C)C(C)CCC3(CCC(=O)C32)C(C)C1O,2
C=CC1(C)CC(OC(=O)CN2CCN(C(=O)CC3N=NC(CN4CCN(C)CC4)=N3)CC2)C2(C)C(C)CCC3(CCC(=O)C32)C(C)C1O,8
C=CC1(C)CC(OC(=O)CN2CCN(C(=O)CC3N=NC(CN4CCN(c5ccccc5)CC4)=N3)CC2)C2(C)C(C)CCC3(CCC(=O)C32)C(C)C1O,4
C=CC1(C)CC(OC(=O)CN2CCN(C(=O)CC3N=NC(CN4CCN(c5ccccc5C)CC4)=N3)CC2)C2(C)C(C)CCC3(CCC(=O)C32)C(C)C1O,2
C=CC1(C)CC(OC(=O)CN2CCN(C(=O)CC3N=NC(CN4CCN(c5cccc(OC)c5)CC4)=N3)CC2)C2(C)C(C)CCC3(CCC(=O)C32)C(C)C1O,4
C=CC1(C)CC(OC(=O)CN2CCN(C(=O)CC3N=NC(CN4CCN(c5cccc(O)c5)CC4)=N3)CC2)C2(C)C(C)CCC3(CCC(=O)C32)C(C)C1O,2
C=CC1(C)CC(OC(=O)CN2CCN(C(=O)CC3N=NC(CN(CC)CC)=N3)CC2)C2(C)C(C)CCC3(CCC(=O)C32)C(C)C1O,4
C=CC1(C)CC(OC(=O)CN2CCN(C(=O)CC3N=NC(CN(C)C)=N3)CC2)C2(C)C(C)CCC3(CCC(=O)C32)C(C)C1O,4
C=CC1(C)CC(OC(=O)CN2CCN(C(=O)CC3N=NC(CN4CCOCC4)=N3)CC2)C2(C)C(C)CCC3(CCC(=O)C32)C(C)C1O,8
C=CC1(C)CC(OC(=O)CN2CCN(C(=O)CC3N=NC(CN4CCC(O)CC4)=N3)CC2)C2(C)C(C)CCC3(CCC(=O)C32)C(C)C1O,16
C=CC1(C)CC(OC(=O)CN2CCN(C(=O)CC3N=NC(CN4CCC(CCO)CC4)=N3)CC2)C2(C)C(C)CCC3(CCC(=O)C32)C(C)C1O,16
C=CC1(C)CC(OC(=O)CN2CCN(C(=O)CC3N=NC(CN4CCCC(CO)C4)=N3)CC2)C2(C)C(C)CCC3(CCC(=O)C32)C(C)C1O,16
C=CC1(C)CC(OC(=O)CN2CCN(C(=O)CC3N=NC(CN4CCCCC4)=N3)CC2)C2(C)C(C)CCC3(CCC(=O)C32)C(C)C1O,4
C=CC1(C)CC(OC(=O)CN2CCN(C(=O)CC3N=NC(CN4CCCC4)=N3)CC2)C2(C)C(C)CCC3(CCC(=O)C32)C(C)C1O,4
C=CC1(C)CC(OC(=O)CSc2nc(N3CCSCC3)c3ccsc3n2)C2(C)C(C)CCC3(CCC(=O)C32)C(C)C1O,14.04
C=CC1(C)CC(OC(=O)CSc2nc(N3CCC(C)CC3)c3ccsc3n2)C2(C)C(C)CCC3(CCC(=O)C32)C(C)C1O,10.89
C=CC1(C)CC(OC(=O)CSc2nc(C)c(C(=O)OC)c(CCC)n2)C2(C)C(C)CCC3(CCC(=O)C32)C(C)C1O,4
C=CC1(C)CC(OC(=O)CSc2nc(C)c(C(=O)OC)c(CCCC)n2)C2(C)C(C)CCC3(CCC(=O)C32)C(C)C1O,2
C=CC1(C)CC(OC(=O)CN2CCN(C(=O)CCn3cnc4c(N5CCC(N)C5)ncnc43)CC2)C2(C)C(C)CCC3(CCC(=O)C32)C(C)C1O,0.25
C=CC1(C)CC(OC(=O)CN2CCN(C(=O)CCn3cnc4c(N5CCC(NC)C5)ncnc43)CC2)C2(C)C(C)CCC3(CCC(=O)C32)C(C)C1O,0.25
C=CC1(C)CC(OC(=O)CN2CCN(C(=O)CCn3cnc4c(N5CCC(NCC)C5)ncnc43)CC2)C2(C)C(C)CCC3(CCC(=O)C32)C(C)C1O,0.25
C=CC1(C)CC(OC(=O)CN2CCN(C(=O)CCn3cnc4c(N5CCC(N(C)C)C5)ncnc43)CC2)C2(C)C(C)CCC3(CCC(=O)C32)C(C)C1O,0.25
C=CC1(C)CC(OC(=O)CN2CCN(C(=O)CCn3cnc4c(N5CCC(NCN)C5)ncnc43)CC2)C2(C)C(C)CCC3(CCC(=O)C32)C(C)C1O,0.25
C=CC1(C)CC(OC(=O)CN2CCN(C(=O)CCn3cnc4c(N5CCNCC5)ncnc43)CC2)C2(C)C(C)CCC3(CCC(=O)C32)C(C)C1O,0.25
C=CC1(C)CC(OC(=O)CN2CCN(C(=O)CCn3cnc4c(N5CCC(N)CC5)ncnc43)CC2)C2(C)C(C)CCC3(CCC(=O)C32)C(C)C1O,0.25
C=CC1(C)CC(OC(=O)CN2CCN(C(=O)CCn3cnc4c(N5CCC(CN)CC5)ncnc43)CC2)C2(C)C(C)CCC3(CCC(=O)C32)C(C)C1O,0.25
C=CC1(C)CC(OC(=O)CN2CCN(C(=O)CCn3cnc4c(N5CCC(N)C5)ncnc43)CC2)C2(C)C(C)CCC3(CCC(=O)C32)C(C)C1O,0.5
C=CC1(C)CC(OC(=O)CN2CCN(C(=O)CCn3cnc4c(N5CCC(CNC)C5)ncnc43)C(C)C2)C2(C)C(C)CCC3(CCC(=O)C32)C(C)C1O,0.25
C=CC1(C)CC(OC(=O)CN2CCN(C(=O)CCn3cnc4c(N5CCC(CNC)C5)ncnc43)C(C)C2)C2(C)C(C)CCC3(CCC(=O)C32)C(C)C1O,0.25
C=CC1(C)CC(OC(=O)CN2CCN(C(=O)CCn3cnc4c(C5CCC(N)CC5)ncnc43)C(C)C2)C2(C)C(C)CCC3(CCC(=O)C32)C(C)C1O,0.25
C=CC1(C)CC(OC(=O)CN2CCN(C(=O)CCn3cnc4c(C5CCC(N)C5)ncnc43)C(CCC)C2)C2(C)C(C)CCC3(CCC(=O)C32)C(C)C1O,0.25
C=CC1(C)CC(OC(=O)CN2CCN(C(=O)CCn3cnc4c(C5CCC(N)C5)ncnc43)C(C)(C)C2)C2(C)C(C)CCC3(CCC(=O)C32)C(C)C1O,0.125
C=CC1(C)CC(OC(=O)CN2CC(C)N(C(=O)CCn3cnc4c(C5CCC(N)C5)ncnc43)C(C)C2)C2(C)C(C)CCC3(CCC(=O)C32)C(C)C1O,0.125
C=CC1(C)CC(OC(=O)CN2CC(C)N(C(=O)CCn3cnc4c(C5CCC(N)C5)ncnc43)CC2C)C2(C)C(C)CCC3(CCC(=O)C32)C(C)C1O,0.25
C=CC1(C)CC(OC(=O)CN2CCN(C(=O)CN3CCOCC3)CC2)C2(C)C(C)CCC3(CCC(=O)C32)C(C)C1O,2
C=CC1(C)CC(OC(=O)CSc2nc3ccc(NC(=O)c4ccccc4C)cc3[nH]2)C2(C)C(C)CCC3(CCC(=O)C32)C(C)C1O,10
C=CC1(C)CC(OC(=O)CSc2nc3ccc(NC(=O)C4CCCCC4)cc3[nH]2)C2(C)C(C)CCC3(CCC(=O)C32)C(C)C1O,5
C=CC1(C)CC(OC(=O)CSc2nc3ccc(NC(=O)c4ccc[nH]4)cc3[nH]2)C2(C)C(C)CCC3(CCC(=O)C32)C(C)C1O,1.25
C=CC1(C)CC(OC(=O)CSc2nc3ccc(NC(=O)c4cc5ccccc5[nH]4)cc3[nH]2)C2(C)C(C)CCC3(CCC(=O)C32)C(C)C1O,10
C=CC1(C)CC(OC(=O)CSc2ccccc2NC(=O)CN2CCN(c3ccccc3C)CC2)C2(C)C(C)CCC3(CCC(=O)C32)C(C)C1O,4
C=CC1(C)CC(OC(=O)CSc2ccccc2NC(=O)CN2CCN(c3ccc(OC)cc3)CC2)C2(C)C(C)CCC3(CCC(=O)C32)C(C)C1O,4
C=CC1(C)CC(OC(=O)CSc2ccccc2NC(=O)CN2CCN(c3ccc([N+](=O)[O-])cc3)CC2)C2(C)C(C)CCC3(CCC(=O)C32)C(C)C1O,4
C=CC1(C)CC(OC(=O)CSc2ccccc2NC(=O)CN2CCN(c3ccccc3F)CC2)C2(C)C(C)CCC3(CCC(=O)C32)C(C)C1O,8
C=CC1(C)CC(OC(=O)CS(=O)c2nc[nH]n2)C2(C)C(C)CCC3(CCC(=O)C32)C(C)C1O,2
C=CC1(C)CC(OC(=O)CS(=O)c2nnnn2C)C2(C)C(C)CCC3(CCC(=O)C32)C(C)C1O,2
C=CC1(C)CC(OC(=O)CSc2nnnn2CCN(C)C)C2(C)C(C)CCC3(CCC(=O)C32)C(C)C1O,2
C=CC1(C)CC(OC(=O)CS(=O)c2nnnn2CCN(C)C)C2(C)C(C)CCC3(CCC(=O)C32)C(C)C1O,8
C=CC1(C)CC(OC(=O)CN2CCN(C(=O)CN3CCOCC3)CC2)C2(C)C(C)CCC3(CCC(=O)C32)C(C)C1O,2
C=CC1(C)CC(OC(=O)CSc2nc(N)n(C(=O)c3c(F)c(F)c(F)c(F)c3F)n2)C2(C)C(C)CCC3(CCC(=O)C32)C(C)C1O,2
C=CC1(C)CC(OC(=O)CSc2nc(N)n(C(=O)c3ccc(OC(F)(F)F)cc3)n2)C2(C)C(C)CCC3(CCC(=O)C32)C(C)C1O,2
C=CC1(C)CC(OC(=O)CSc2nnc(C)n2N=Cc2ccc(C(F)(F)F)cc2)C2(C)C(C)CCC3(CCC(=O)C32)C(C)C1O,2
C=CC1(C)CC(OC(=O)CSc2nnc(C)n2N=Cc2ccc(N(CC)CC)cc2)C2(C)C(C)CCC3(CCC(=O)C32)C(C)C1O,4
C=CC1(C)CC(OC(=O)CSc2nnc(C)n2N=Cc2ccc(N3CCCC3)cc2)C2(C)C(C)CCC3(CCC(=O)C32)C(C)C1O,2
C=CC1(C)CC(OC(=O)CNCc2ccccc2F)C2(C)C(C)CCC3(CCC(=O)C32)C(C)C1O,4
C=CC1(C)CC(OC(=O)CNCCc2ccccc2)C2(C)C(C)CCC3(CCC(=O)C32)C(C)C1O,2
C=CC1(C)CC(OC(=O)CNCCc2ccccc2C)C2(C)C(C)CCC3(CCC(=O)C32)C(C)C1O,2
C=CC1(C)CC(OC(=O)CNCCCc2ccccc2)C2(C)C(C)CCC3(CCC(=O)C32)C(C)C1O,2
C=CC1(C)CC(OC(=O)CNCCc2cccs2)C2(C)C(C)CCC3(CCC(=O)C32)C(C)C1O,2
C=CC1(C)CC(OC(=O)CNCCCC)C2(C)C(C)CCC3(CCC(=O)C32)C(C)C1O,4
C=CC1(C)CC(OC(=O)CNCCS(C)(=O)=O)C2(C)C(C)CCC3(CCC(=O)C32)C(C)C1O,2
C=CC1(C)CC(OC(=O)CNCCSC)C2(C)C(C)CCC3(CCC(=O)C32)C(C)C1O,2
C=CC1(C)CC(OC(=O)CNCCO)C2(C)C(C)CCC3(CCC(=O)C32)C(C)C1O,2
C=CC1(C)CC(OC(=O)CN2CCOCC2)C2(C)C(C)CCC3(CCC(=O)C32)C(C)C1O,2
C=CC1(C)CC(OC(=O)CSc2ncc(NC(=O)C(Cl)(Cl)Cl)s2)C2(C)C(C)CCC3(CCC(=O)C32)C(C)C1O,2
C=CC1(C)CC(OC(=O)CSc2nc(OC(=O)CCCCCCC)cs2)C2(C)C(C)CCC3(CCC(=O)C32)C(C)C1O,2
C=CC1(C)CC(OC(=O)CSc2nc(OC(=O)C3CCCC3)cs2)C2(C)C(C)CCC3(CCC(=O)C32)C(C)C1O,2
C=CC1(C)CC(OC(=O)CSc2nc(OC(=O)c3c(Cl)cc(Cl)cc3Cl)cs2)C2(C)C(C)CCC3(CCC(=O)C32)C(C)C1O,16
C=CC1(C)CC(OC(=O)CSc2nc(OC(=O)c3ccccc3C)cs2)C2(C)C(C)CCC3(CCC(=O)C32)C(C)C1O,2
C=CC1(C)CC(OC(=O)CSc2nc(OC(=O)c3ccccc3Br)cs2)C2(C)C(C)CCC3(CCC(=O)C32)C(C)C1O,2
C=CC1(C)CC(OC(=O)CSc2nc(OC(=O)c3ccc(Cl)cc3Cl)cs2)C2(C)C(C)CCC3(CCC(=O)C32)C(C)C1O,2
C=CC1(C)CC(OC(=O)CSC2CCN(C(=O)CCn3cnc4cnc(N)nc43)CC2)C2(C)C(C)CCC3(CCC(=O)C32)C(C)C1O,0.05
C=CC1(C)CC(OC(=O)CSC2CCN(C(=O)CCn3cnc4c(N)nc(N)nc43)CC2)C2(C)C(C)CCC3(CCC(=O)C32)C(C)C1O,0.05
C=CC1(C)CC(OC(=O)CSC2CCN(C(=O)CCn3cnc4c(NC)nc(N)nc43)CC2)C2(C)C(C)CCC3(CCC(=O)C32)C(C)C1O,0.1
C=CC1(C)CC(OC(=O)CSC2CCN(C(=O)CCn3cnc4c(N(C)C)nc(N)nc43)CC2)C2(C)C(C)CCC3(CCC(=O)C32)C(C)C1O,0.1
C=CC1(C)CC(OC(=O)CSC2CCN(C(=O)CCn3cnc4c(N5CCCC5)nc(N)nc43)CC2)C2(C)C(C)CCC3(CCC(=O)C32)C(C)C1O,0.39
C=CC1(C)CC(OC(=O)CSC2CCN(C(=O)CCn3cnc4c(N5CCOCC5)nc(N)nc43)CC2)C2(C)C(C)CCC3(CCC(=O)C32)C(C)C1O,0.2
C=CC1(C)CC(OC(=O)CSC2CCN(C(=O)CCn3cnc4c(N5CCNCC5)nc(N)nc43)CC2)C2(C)C(C)CCC3(CCC(=O)C32)C(C)C1O,0.25
C=CC1(C)CC(OC(=O)CSC2CCN(C(=O)CCn3cnc4c(N5CCNCC5)ncnc43)CC2)C2(C)C(C)CCC3(CCC(=O)C32)C(C)C1O,0.063
C=CC1(C)CC(OC(=O)CSC2CCN(C(=O)CCn3cnc4c(N5CCC(N)CC5)ncnc43)CC2)C2(C)C(C)CCC3(CCC(=O)C32)C(C)C1O,0.125
C=CC1(C)CC(OC(=O)CSC2CCN(C(=O)CCn3cnc4c(N5CCC(NC)CC5)ncnc43)CC2)C2(C)C(C)CCC3(CCC(=O)C32)C(C)C1O,0.125
C=CC1(C)CC(OC(=O)CSC2CCN(C(=O)CCn3cnc4c(N5CCC(N)C5)ncnc43)CC2)C2(C)C(C)CCC3(CCC(=O)C32)C(C)C1O,0.063
C=CC1(C)CC(OC(=O)CSC2CCN(C(=O)CCn3cnc4c(N5CCC(NC)C5)ncnc43)CC2)C2(C)C(C)CCC3(CCC(=O)C32)C(C)C1O,0.063
C=CC1(C)CC(OC(=O)CSC2CCN(C(=O)CCn3cnc4c(N5CCC(CN)C5)ncnc43)CC2)C2(C)C(C)CCC3(CCC(=O)C32)C(C)C1O,0.125
C=CC1(C)CC(OC(=O)CSC2CCN(C(=O)CCn3cnc4c(N5CCC(CNC)C5)ncnc43)CC2)C2(C)C(C)CCC3(CCC(=O)C32)C(C)C1O,0.25
C=CC1(C)CC(OC(=O)CSC2CCN(C(=O)CCn3cnc4c(N5CCN(C)CC5)nc(N)nc43)CC2)C2(C)C(C)CCC3(CCC(=O)C32)C(C)C1O,0.125
C=CC1(C)CC(OC(=O)CSC2CCN(C(=O)CCn3cnc4c(N5CCNC(C)C5)nc(N)nc43)CC2)C2(C)C(C)CCC3(CCC(=O)C32)C(C)C1O,0.25
C=CC1(C)CC(OC(=O)CSC2CCN(C(=O)CCn3cnc4c(N5CCC(N)CC5)nc(N)nc43)CC2)C2(C)C(C)CCC3(CCC(=O)C32)C(C)C1O,0.25
C=CC1(C)CC(OC(=O)CSC2CCN(C(=O)CCn3cnc4c(N5CCCC(N)C5)nc(N)nc43)CC2)C2(C)C(C)CCC3(CCC(=O)C32)C(C)C1O,0.25
C=CC1(C)CC(OC(=O)CSC2CCN(C(=O)CCn3cnc4c(N5CCC(NC)CC5)nc(N)nc43)CC2)C2(C)C(C)CCC3(CCC(=O)C32)C(C)C1O,0.5
C=CC1(C)CC(OC(=O)CSC2CCN(C(=O)CCn3cnc4c(N5CCC(N(C)C)CC5)nc(N)nc43)CC2)C2(C)C(C)CCC3(CCC(=O)C32)C(C)C1O,0.25
C=CC1(C)CC(OC(=O)CSC2CCN(C(=O)CCn3cnc4c(N5CCC(N)C5)nc(N)nc43)CC2)C2(C)C(C)CCC3(CCC(=O)C32)C(C)C1O,0.5
C=CC1(C)CC(OC(=O)CSC2CCN(C(=O)CCn3cnc4c(N5CCC(NC)C5)nc(N)nc43)CC2)C2(C)C(C)CCC3(CCC(=O)C32)C(C)C1O,0.25
C=CC1(C)CC(OC(=O)CSC2CCN(C(=O)CCn3cnc4c(N5CCC(N(C)C)C5)nc(N)nc43)CC2)C2(C)C(C)CCC3(CCC(=O)C32)C(C)C1O,0.25
C=CC1(C)CC(OC(=O)CSC2CCN(C(=O)CCn3cnc4c(N5CCC(CN)C5)nc(N)nc43)CC2)C2(C)C(C)CCC3(CCC(=O)C32)C(C)C1O,0.5
C=CC1(C)CC(OC(=O)CSC2CCN(C(=O)CCn3cnc4c(N5CCC(CNC)C5)nc(N)nc43)CC2)C2(C)C(C)CCC3(CCC(=O)C32)C(C)C1O,0.5
C=CC1(C)CC(OC(=O)CSC2CCN(C(=O)CCn3cnc4c(N5CC(N)C5)nc(N)nc43)CC2)C2(C)C(C)CCC3(CCC(=O)C32)C(C)C1O,0.5
C=CC1(C)CC(OC(=O)CSC2CCN(C(=O)CCn3cnc4c(N5CC(NC)C5)nc(N)nc43)CC2)C2(C)C(C)CCC3(CCC(=O)C32)C(C)C1O,0.5
C=CC1(C)CC(OC(=O)CSc2cccs2)C2(C)C(C)CCC3(CCC(=O)C32)C(C)C1O,0.5
C=CC1(C)CC(OC(=O)CSc2nccs2)C2(C)C(C)CCC3(CCC(=O)C32)C(C)C1O,0.5
C=CC1(C)CC(OC(=O)CSc2cnccn2)C2(C)C(C)CCC3(CCC(=O)C32)C(C)C1O,0.25
C=CC1(C)CC(OC(=O)CSc2ncccn2)C2(C)C(C)CCC3(CCC(=O)C32)C(C)C1O,0.125
C=CC1(C)CC(OC(=O)CSc2cccnn2)C2(C)C(C)CCC3(CCC(=O)C32)C(C)C1O,0.25
C=CC1(C)CC(OC(=O)CSc2ccncc2)C2(C)C(C)CCC3(CCC(=O)C32)C(C)C1O,0.031
C=CC1(C)CC(OC(=O)CSc2cncc(C=NOCC)c2)C2(C)C(C)CCC3(CCC(=O)C32)C(C)C1O,1
C=CC1(C)CC(OC(=O)CSc2cncc(C(=O)OC)c2)C2(C)C(C)CCC3(CCC(=O)C32)C(C)C1O,1
C=CC1(C)CC(OC(=O)CSc2cncc(OC)c2)C2(C)C(C)CCC3(CCC(=O)C32)C(C)C1O,1
C=CC1(C)CC(OC(=O)CSc2cncc(F)c2)C2(C)C(C)CCC3(CCC(=O)C32)C(C)C1O,0.5
C=CC1(C)CC(OC(=O)CSc2cncc(CO)c2)C2(C)C(C)CCC3(CCC(=O)C32)C(C)C1O,0.031
C=CC1(C)CC(OC(=O)CSc2cncc(O)c2)C2(C)C(C)CCC3(CCC(=O)C32)C(C)C1O,0.125
C=CC1(C)CC(OC(=O)CSc2cncc(N)c2)C2(C)C(C)CCC3(CCC(=O)C32)C(C)C1O,0.031
C=CC1(C)CC(OC(=O)CSc2cncc(C=NO)c2)C2(C)C(C)CCC3(CCC(=O)C32)C(C)C1O,0.063
C=CC1(C)CC(OC(=O)CSc2cncc(C=NN)c2)C2(C)C(C)CCC3(CCC(=O)C32)C(C)C1O,0.25
C=CC1(C)CC(OC(=O)CSc2cncc(C=NOC)c2)C2(C)C(C)CCC3(CCC(=O)C32)C(C)C1O,0.125
C=CC1(C)CC(OC(=O)CSc2ncccc2[N+](=O)[O-])C2(C)C(C)CCC3(CCC(=O)C32)C(C)C1O,0.125
C=CC1(C)CC(OC(=O)CSc2ncccc2CO)C2(C)C(C)CCC3(CCC(=O)C32)C(C)C1O,0.125
C=CC1(C)CC(OC(=O)CSc2cc(C#N)ccn2)C2(C)C(C)CCC3(CCC(=O)C32)C(C)C1O,0.125
C=CC1(C)CC(OC(=O)CSc2ccc(N)cn2)C2(C)C(C)CCC3(CCC(=O)C32)C(C)C1O,0.125
C=CC1(C)CC(OC(=O)CSc2cc(C=NO)ccn2)C2(C)C(C)CCC3(CCC(=O)C32)C(C)C1O,0.125
C=CC1(C)CC(OC(=O)CSc2cc(C=NN)ccn2)C2(C)C(C)CCC3(CCC(=O)C32)C(C)C1O,0.5
C=CC1(C)CC(OC(=O)CSc2ccnc(N)c2)C2(C)C(C)CCC3(CCC(=O)C32)C(C)C1O,0.063
C=CC1(C)CC(OC(=O)CSc2ccnc(CO)c2)C2(C)C(C)CCC3(CCC(=O)C32)C(C)C1O,0.063
C=CC1(C)CC(OC(=O)CN(CC)CC)C2(C)C(C)CCC3(CCC(=O)C32)C(C)C1O,8
C=CC1(C)CC(OC(=O)CN2CCCC2)C2(C)C(C)CCC3(CCC(=O)C32)C(C)C1O,2
C=CC1(C)CC(OC(=O)CN2CCCCC2)C2(C)C(C)CCC3(CCC(=O)C32)C(C)C1O,4
C=CC1(C)CC(OC(=O)CN2CCN(C(=O)C=Cc3ccc(OC)cc3)CC2)C2(C)C(C)CCC3(CCC(=O)C32)C(C)C1O,2
C=CC1(C)CC(OC(=O)CSc2nc(NC(=O)CN3CCNCC3)c3cc[nH]c3n2)C2(C)C(C)CCC3(CCC(=O)C32)C(C)C1O,2
C=CC1(C)CC(OC(=O)CS(=O)S(=O)c2nc[nH]n2)C2(C)C(C)CCC3(CCC(=O)C32)C(C)C1O,2
C=CC1(C)CC(OC(=O)CS(=O)Sc2nc(C)cc(O)n2)C2(C)C(C)CCC3(CCC(=O)C32)C(C)C1O,4
C=CC1(C)CC(OC(=O)CNC(=S)Nc2ccccc2C)C2(C)C(C)CCC3(CCC(=O)C32)C(C)C1O,4
C=CC1(C)CC(OC(=O)CNC(=S)Nc2ccc3ccccc3c2)C2(C)C(C)CCC3(CCC(=O)C32)C(C)C1O,16
C=CC1(C)CC(OC(=O)CNC(=S)NC(=O)c2ccc(Br)cc2)C2(C)C(C)CCC3(CCC(=O)C32)C(C)C1O,16
C=CC1(C)CC(OC(=O)CNC(=S)NC(=O)c2ccc(F)cc2)C2(C)C(C)CCC3(CCC(=O)C32)C(C)C1O,4
C=CC1(C)CC(OC(=O)CNC(=O)NCC)C2(C)C(C)CCC3(CCC(=O)C32)C(C)C1O,2
C=CC1(C)CC(OC(=O)CNC(=O)NCCC)C2(C)C(C)CCC3(CCC(=O)C32)C(C)C1O,2
C=CC1(C)CC(OC(=O)CNC(=O)NC2CCCCC2)C2(C)C(C)CCC3(CCC(=O)C32)C(C)C1O,2
C=CC1(C)CC(OC(=O)CNC(=O)Nc2ccccc2-c2ccccc2)C2(C)C(C)CCC3(CCC(=O)C32)C(C)C1O,4
C=CC1(C)CC(OC(=O)CNC(=O)Nc2cccc3ccccc23)C2(C)C(C)CCC3(CCC(=O)C32)C(C)C1O,2
C=CC1(C)CC(OC(=O)CNC(=O)c2ccccc2)C2(C)C(C)CCC3(CCC(=O)C32)C(C)C1O,8
C=CC1(C)CC(OC(=O)CNC(=O)c2cccc(C)c2)C2(C)C(C)CCC3(CCC(=O)C32)C(C)C1O,8
C=CC1(C)CC(OC(=O)CNC(=O)c2ccc(F)cc2)C2(C)C(C)CCC3(CCC(=O)C32)C(C)C1O,4
C=CC1(C)CC(OC(=O)CNC(=O)c2cccc(Cl)c2)C2(C)C(C)CCC3(CCC(=O)C32)C(C)C1O,4
C=CC1(C)CC(OC(=O)CNC(=O)CN2CCN(c3cccc(C)c3)CC2)C2(C)C(C)CCC3(CCC(=O)C32)C(C)C1O,4
C=CC1(C)CC(OC(=O)CNC(=O)CN2CCN(c3cccc(OC)c3)CC2)C2(C)C(C)CCC3(CCC(=O)C32)C(C)C1O,4
C=CC1(C)CC(OC(=O)CNC(=O)CN2CCN(c3ccccc3O)CC2)C2(C)C(C)CCC3(CCC(=O)C32)C(C)C1O,8
C=CC1(C)CC(OC(=O)CNC(=O)CN2CCN(c3ccccc3Cl)CC2)C2(C)C(C)CCC3(CCC(=O)C32)C(C)C1O,2
C=CC1(C)CC(OC(=O)CNC(=O)CN2CCN(c3ccc(F)cc3)CC2)C2(C)C(C)CCC3(CCC(=O)C32)C(C)C1O,2
C=CC1(C)CC(OC(=O)CN2Cc3ccccc3C2=O)C2(C)C(C)CCC3(CCC(=O)C32)C(C)C1O,0.125
C=CC1(C)CC(OC(=O)CN2Cc3c(OC)cccc3C2=O)C2(C)C(C)CCC3(CCC(=O)C32)C(C)C1O,2
C=CC1(C)CC(OC(=O)CN2Cc3c(cccc3[N+](=O)[O-])C2=O)C2(C)C(C)CCC3(CCC(=O)C32)C(C)C1O,0.5
C=CC1(C)CC(OC(=O)CN2Cc3ccc(F)cc3C2=O)C2(C)C(C)CCC3(CCC(=O)C32)C(C)C1O,0.125
C=CC1(C)CC(OC(=O)CN2Cc3cc(N4CCCCC4)ccc3C2=O)C2(C)C(C)CCC3(CCC(=O)C32)C(C)C1O,2
C=CC1(C)CC(OC(=O)CN2Cc3cc(N4CCOCC4)ccc3C2=O)C2(C)C(C)CCC3(CCC(=O)C32)C(C)C1O,0.5
C=CC1(C)CC(OC(=O)CN2Cc3cc(N4CCN(C)CC4)ccc3C2=O)C2(C)C(C)CCC3(CCC(=O)C32)C(C)C1O,0.125
C=CC1(C)CC(OC(=O)CN2Cc3cc(NCc4ccccc4)ccc3C2=O)C2(C)C(C)CCC3(CCC(=O)C32)C(C)C1O,2
C=CC1(C)CC(OC(=O)CN2Cc3cc(NC(=O)C(F)(F)F)ccc3C2=O)C2(C)C(C)CCC3(CCC(=O)C32)C(C)C1O,2
C=CC1(C)CC(OC(=O)CN2Cc3ccc(NC(=O)CN4CCOCC4)cc3C2=O)C2(C)C(C)CCC3(CCC(=O)C32)C(C)C1O,0.5
C=CC1(C)CC(OC(=O)CN2Cc3ccc(NC(=O)CN4CCN(C)CC4)cc3C2=O)C2(C)C(C)CCC3(CCC(=O)C32)C(C)C1O,0.5
C=CC1(C)CC(OC(=O)CN2Cc3ccc(NC(=O)CN4CCN(CCO)CC4)cc3C2=O)C2(C)C(C)CCC3(CCC(=O)C32)C(C)C1O,0.5
C=CC1(C)CC(OC(=O)CN2Cc3ccc(NC(=O)CCN4CCOCC4)cc3C2=O)C2(C)C(C)CCC3(CCC(=O)C32)C(C)C1O,0.5
C=CC1(C)CC(OC(=O)CN2Cc3ccc(NC(=O)CCN4CCN(C)CC4)cc3C2=O)C2(C)C(C)CCC3(CCC(=O)C32)C(C)C1O,0.5
C=CC1(C)CC(OC(=O)CN2Cc3ccc(NC(=O)CCN4CCN(CCO)CC4)cc3C2=O)C2(C)C(C)CCC3(CCC(=O)C32)C(C)C1O,2
C=CC1(C)CC(OC(=O)CN2Cc3ccc(NC(C)C(=O)O)cc3C2=O)C2(C)C(C)CCC3(CCC(=O)C32)C(C)C1O,0.5
C=CC1(C)CC(OC(=O)CN2Cc3ccc(N4CCCC4C(=O)O)cc3C2=O)C2(C)C(C)CCC3(CCC(=O)C32)C(C)C1O,0.25
C=CC1(C)CC(OC(=O)N2CCc3cc(OC)ccc3C2=O)C2(C)C(C)CCC3(CCC(=O)C32)C(C)C1O,1
C=CC1(C)CC(OC(=O)N2CCc3ccccc3C2=O)C2(C)C(C)CCC3(CCC(=O)C32)C(C)C1O,0.25
C=CC1(C)CC(OC(=O)N2CCc3cc(OC)c([N+](=O)[O-])cc3C2=O)C2(C)C(C)CCC3(CCC(=O)C32)C(C)C1O,0.125
C=CC1(C)CC(OC(=O)N2CCc3ccc([N+](=O)[O-])cc3C2=O)C2(C)C(C)CCC3(CCC(=O)C32)C(C)C1O,1
C=CC1(C)CC(OC(=O)N2CCc3cc(OCCN4CCCCC4)ccc3C2=O)C2(C)C(C)CCC3(CCC(=O)C32)C(C)C1O,0.5
C=CC1(C)CC(OC(=O)N2CCc3cc(OCCN4CCOCC4)ccc3C2=O)C2(C)C(C)CCC3(CCC(=O)C32)C(C)C1O,0.5
C=CC1(C)CC(OC(=O)N2CCc3cc(OCCN4CCN(C)CC4)ccc3C2=O)C2(C)C(C)CCC3(CCC(=O)C32)C(C)C1O,0.5
C=CC1(C)CC(OC(=O)N2CCc3cc(OCCCN4CCCCC4)ccc3C2=O)C2(C)C(C)CCC3(CCC(=O)C32)C(C)C1O,0.5
C=CC1(C)CC(OC(=O)N2CCc3cc(OCCCN4CCOCC4)ccc3C2=O)C2(C)C(C)CCC3(CCC(=O)C32)C(C)C1O,0.5
C=CC1(C)CC(OC(=O)N2CCc3cc(OCCCN4CCN(C)CC4)ccc3C2=O)C2(C)C(C)CCC3(CCC(=O)C32)C(C)C1O,0.5
C=CC1(C)CC(OC(=O)N2CCc3cc(OCCCCN4CCOCC4)ccc3C2=O)C2(C)C(C)CCC3(CCC(=O)C32)C(C)C1O,0.5
C=CC1(C)CC(OC(=O)CSc2cncc(NC(=O)CN)c2)C2(C)CCCC3(CCC(=O)C23)C(C)C1O,0.063
C=CC1(C)CC(OC(=O)CSc2cncc(NC(=O)C(C)N)c2)C2(C)CCCC3(CCC(=O)C23)C(C)C1O,0.125
C=CC1(C)CC(OC(=O)CSc2cncc(NC(=O)C(N)C(C)C)c2)C2(C)CCCC3(CCC(=O)C23)C(C)C1O,0.25
C=CC1(C)CC(OC(=O)CSc2cncc(NC(=O)C(N)C(C)CC)c2)C2(C)CCCC3(CCC(=O)C23)C(C)C1O,0.25
C=CC1(C)CC(OC(=O)CSc2cncc(NC(=O)C(N)CC(C)C)c2)C2(C)CCCC3(CCC(=O)C23)C(C)C1O,0.031
C=CC1(C)CC(OC(=O)CSc2cncc(NC(=O)CC3CCCCN3)c2)C2(C)CCCC3(CCC(=O)C23)C(C)C1O,0.125
C=CC1(C)CC(OC(=O)CSc2cncc(NC(=O)CC3CCCN3)c2)C2(C)CCCC3(CCC(=O)C23)C(C)C1O,0.125
C=CC1(C)CC(OC(=O)CSc2cncc(NC(=O)CN(C)C)c2)C2(C)CCCC3(CCC(=O)C23)C(C)C1O,0.5
C=CC1(C)CC(OC(=O)CSc2cncc(NC(=O)CN3CCCC3)c2)C2(C)CCCC3(CCC(=O)C23)C(C)C1O,0.125
C=CC1(C)CC(OC(=O)CSc2cncc(NC(=O)CN3CCCCC3)c2)C2(C)CCCC3(CCC(=O)C23)C(C)C1O,0.125
C=CC1(C)CC(OC(=O)CSc2cncc(NC(=O)CN3CCCC(CO)C3)c2)C2(C)CCCC3(CCC(=O)C23)C(C)C1O,0.063
C=CC1(C)CC(OC(=O)CSc2cncc(NC(=O)CN3CCC(O)CC3)c2)C2(C)CCCC3(CCC(=O)C23)C(C)C1O,0.031
C=CC1(C)CC(OC(=O)CSc2cncc(NC(=O)CN3CCC(O)C3)c2)C2(C)CCCC3(CCC(=O)C23)C(C)C1O,0.125
C=CC1(C)CC(OC(=O)CSc2cncc(NC(=O)CN3CCCC3CO)c2)C2(C)CCCC3(CCC(=O)C23)C(C)C1O,0.063
C=CC1(C)CC(OC(=O)CSc2cncc(NC(=O)CN3CCCC3CN)c2)C2(C)CCCC3(CCC(=O)C23)C(C)C1O,0.25
C=CC1(C)CC(OC(=O)CSc2cncc(NC(=O)CNCCO)c2)C2(C)CCCC3(CCC(=O)C23)C(C)C1O,0.125
C=CC1(C)CC(OC(=O)CSc2cccc(Oc3cccc(NC(=O)C(C)(C)C)c3)c2)C2(C)CCCC3(CCC(=O)C23)C(C)C1O,4
C=CC1(C)CC(OC(=O)CSc2ccc(Oc3ccc(-c4ccccc4C#N)cc3)cc2)C2(C)CCCC3(CCC(=O)C23)C(C)C1O,4
C=CC1(C)CC(OC(=O)CSc2ccccc2OCc2ccc(C)cc2)C2(C)CCCC3(CCC(=O)C23)C(C)C1O,16
C=CC1(C)CC(OC(=O)CO)C2(C)CCCC3(CCC(=O)C23)C(C)C1O,3.125
C=CC1(C)CC(OC(=O)CSCC(=O)OC)C2(C)CCCC3(CCC(=O)C23)C(C)C1O,3.125
C=CC1(C)CC(OC(=O)CSCCC(=O)OC)C2(C)CCCC3(CCC(=O)C23)C(C)C1O,3.125
C=CC1(C)CC(OC(=O)CSCCN)C2(C)CCCC3(CCC(=O)C23)C(C)C1O,6.25
